label_ru	label_zh	translit	syllables
отрадное	奥特拉德诺耶	àotèlādénuòyē	tè_dé
псков-	普斯科夫	pǔsīkēfū	pǔ_sī
ключи	克柳奇	kèliǔqí	kè
петроград-	彼得格勒	bǐdégélè	gé
шмидт-	施密特	shīmìtè	shī
ферсман-	费尔斯曼	fèiěrsīmàn	sī
солсбери	索尔兹伯里	suǒěrzībólǐ	zī
лавров-	拉夫罗夫	lāfūluófū	fū_fū
колчак-	高尔察克	gāoěrchákè	kè
джексон-	杰克逊	jiékèxùn	kè
гофман-	霍夫曼	huòfūmàn	fū
врангель-	弗兰格尔	fúlángéěr	fú
андреев-	安德烈耶夫	āndélièyēfū	dé_fū
клин	克林	kèlín	kè
диксон	迪克森	díkèsēn	kè
большевик	布尔什维克	bùěrshíwéikè	kè
днепр	第聂伯	dìnièbó	dì_bó
волхов	沃尔霍夫	wòěrhuòfū	fū
вологда	沃洛格达	wòluògēdá	gē
аргунь	额尔古纳	éěrgǔnà	nà
тавда	塔夫达	tǎfūdá	fū
вятка	维亚特卡	wéiyàtèkǎ	tè
шилка	石勒喀	shílèkā	lè
иртыш	额尔齐斯	éěrqísī	sī
ухта	乌赫塔	wūhètǎ	hè
припять	普里皮亚季	pǔlǐpíyàjì	pǔ_jì
яхрома	亚赫罗马	yàhèluómǎ	hè
москва	莫斯科	mòsīkē	sī
миасс	米阿斯	mǐāsī	sī
баксан	巴克桑	bākèsāng	kè
чухлома-	丘赫洛马	qiūhèluòmǎ	hè
красное	克拉斯诺耶	kèlāsīnuòyē	kè_sī
удомля	乌多姆利亚	wūduōmǔlìyà	mǔ
харьков	哈尔科夫	hāěrkēfū	fū
пра	普拉	pǔlā	pǔ
тосна	托斯诺	tuōsīnuò	sī
кострома	科斯特罗马	kēsītèluómǎ	sī_tè
псёл	普肖尔	pǔxiàoěr	pǔ
свислочь	斯维斯洛奇	sīwéisīluòqí	sī_sī_qí
истра	伊斯特拉	yīsītèlā	sī_tè
вязьма	维亚济马	wéiyàjìmǎ	jì
жиздра	日兹德拉	rìzīdélā	zī_dé
судогда	苏多格达	sūduōgédá	gé
шахтёрск	沙赫乔尔斯克	shāhèqiáoěrsīkè	hè_sī_kè
вытегра	维捷格拉	wéijiégélā	gé
красносельское	克拉斯诺耶	kèlāsīnuòyē	kè_sī
красненское	克拉斯诺耶	kèlāsīnuòyē	kè_sī
иркутск-	伊尔库茨克	yīěrkùcìkè	cì_kè
владимир-	弗拉基米尔	fúlājīmǐěr	fú
алексеевка	阿列克谢耶夫卡	ālièkèxièyēfūkǎ	kè_fū
александровск	亚历山德罗夫斯克	yàlìshāndéluófūsīkè	dé_fū_sī_kè
александровка	亚历山德罗夫卡	yàlìshāndéluófūkǎ	dé_fū
устюжена-	乌斯秋日纳	wūsīqiūrìnà	sī
краснянское	克拉斯诺耶	kèlāsīnuòyē	sī
козловка-	科兹洛夫卡	kēzīluòfūkǎ	zī_fū
березники-	别列兹尼基	biélièzīníjì	zī
березовка-	别列佐夫卡	biélièzuǒfūkǎ	fū
петушки-	佩图什基	pèitúshíjī	shí
красавино-	克拉萨维诺	kèlāsàwéinuò	kè
никольск-	尼科利斯克	níkēlìsīkè	lì_sī_kè
дзержинский-	捷尔任斯基	jiéěrrènsījī	sī
дзержинск-	捷尔任斯克	jiéěrrènsīkè	sī_kè
смолевичи-	斯莫列维奇	sīmòlièwéiqí	sī
приморск-	普里莫尔斯克	pǔlǐmòěrsīkè	pǔ_sī_kè
харовск-	哈罗夫斯克	hāluofūsīkè	fū_sī_kè
сосновка-	索斯诺夫卡	suǒsīnuòfūkǎ	sī_fū
михайловка-	米哈伊洛夫卡	mǐhāyīluòfūkǎ	fū
троицк-	特罗伊茨克	tèluóyīcíkè	tè_cí_kè
усмань-	乌斯曼	wūsīmàn	sī
черемхово-	切列姆霍沃	qiēlièmǔhuòwò	mǔ
отрадное-	奥特拉德诺耶	àotèlādénuòyē	tè_dé
пушкино-	普希金诺	pǔxījīnnuò	xī
московский-	莫斯科夫斯基	mòsīkēfūsījī	sī_fū_sī
россоша-	罗索希	luósuoxī	xī
киржач	基尔扎奇	jīěrzhāqí	qí
ирбит	伊尔比特	yīěrbǐtè	tè
лысьва	雷西瓦	léixīwǎ	xī
каргат	卡尔加特	kǎěrjiātè	tè
дубна	杜布纳	dùbùnà	bù
сычёвка-	瑟乔夫卡	sèqiáofūkǎ	fū
сельцо-	谢利措	xièlìcuò	lì
ступино-	斯图皮诺	sītúpínuò	sī
витебск-	维捷布斯克	wéijiébùsīkè	bù_sī_kè
гродеково-	格罗杰科沃	géluójiékēwò	gé
алексеевка-	阿列克谢耶夫卡	ālièkèxièyēfūkǎ	kè_fū
ключевской	克柳奇	kèliǔqí	kè
астрахань-	阿斯特拉罕	āsītèlāhǎn	sī_tè
красное-	克拉斯诺耶	kèlāsīnuòyē	kè_sī
райчихинск-	赖奇欣斯克	làiqíxīnsīkè	sī_kè
антоновка-	安东诺夫卡	āndōngnuòfūkǎ	fū
медведев-	梅德韦杰夫	méidéwéijiéfū	dé_fū
ромны-	罗姆内	luómǔnèi	mǔ
антонов-	安东诺夫	āndōngnuòfū	fū
аксай-	阿克赛	ākèsài	kè
амурзет-	阿穆尔泽特	āmùěrzétè	tè
петровский-	彼得罗夫斯基	bǐdéluófūsījī	dé_fū_sī
волгоград	伏尔加格勒	fúěrjiāgēlè	gē
дмитров-	德米特罗夫	démǐtèluófū	dé_tè_fū
белгород-	别尔哥罗德	biéěrgēluódé	dé
фролово-	弗罗洛沃	fúluóluòwò	fú
завитинск-	扎维京斯克	zāwéijīngsīkè	sī_kè
александров-	亚历山德罗夫	yàlìshāndéluófū	dé_fū
грайворон-	格赖沃龙	gélàiwòlóng	gé
ленск-	连斯克	liánsīkè	sī_kè
бахчисарай-	巴赫奇萨赖	bāhèqísàlài	hè
вытегра-	维捷格拉	wéijiégélā	gé
гаврилов посад-	加夫里洛夫镇	jiāfūlǐluòfūzhèn	fū_fū
новыйй оскол	新奥斯科尔	xīnàosīkēěr	sī
слюдянка-	斯柳江卡	sīliǔjiāngkǎ	sī
трубчевск-	特鲁布切夫斯克	tèlǔbùqièfūsīkè	tè_bù_fū_sī_kè
севск-	谢夫斯克	xièfūsīkè	fū_sī_kè
ахтубинск-	阿赫图宾斯克	āhètúbīnsīkè	hè_sī_kè
киренский	基廉斯克	jīliánsīkè	sī_kè
раменск-	拉缅斯科耶	lāmiǎnsīkēyē	sī
белогорск-	别洛戈尔斯克	biéluògēěrsīkè	sī_kè
котельниково-	科捷利尼科沃	kējiélìníkēwò	lì
тайшет-	泰舍特	tàishètè	tè
балаклава-	巴拉克拉瓦	bālākèlāwǎ	kè
злынка-	兹伦卡	zīlúnkǎ	zī
стародуб-	斯塔罗杜布	sītǎluódùbù	sī_bù
кольчугино-	科利丘吉诺	kēlìqiūjínuò	lì
великий устюг	大乌斯秋格	dàwūsīqiūgé	sī_gé
мглин-	姆格林	mǔgélín	mǔ_gé
коломна-	科洛姆纳	kēluòmǔnà	mǔ
палласовка-	帕拉索夫卡	pàlāsuǒfūkǎ	fū
сковородино-	斯科沃罗季诺	sīkēwòluōjìnuò	sī
кинешма-	基涅什马	jīnièshímǎ	shí
острогожск-	奥斯特罗戈日斯克	àosītèluógērìsīkè	sī_tè_rì_sī_kè
урюпинск-	乌留平斯克	wūliúpíngsīkè	sī_kè
ивдель	伊夫杰利	yīfūjiélì	fū_lì
усмань	乌斯曼	wūsīmàn	sī
россошь-	罗索希	luósuoxī	xī
братск-	布拉茨克	bùlācíkè	bù_cí_kè
бутурлиновка-	布图尔利诺夫卡	bùtúěrlìnuòfūkǎ	fū
фурманов-	富尔马诺夫	fùěrmǎnuòfū	fū
усть илимск-	乌斯季伊利姆斯克	wūsījìyīlìmǔsīkè	sī_jì_mǔ_sī_kè
арзамас-	阿尔扎马斯	āěrzāmǎsī	sī
суздаль-	苏兹达尔	sūzīdáěr	zī
судогда-	苏多格达	sūduōgédá	gé
гусь хрустальный	古西赫鲁斯塔利内	gǔxīhèlǔsītǎlìnèi	xī_hè_sī_lì
усть кут	乌斯季库特	wūsījìkùtè	sī_jì_tè
камешково-	卡梅什科沃	kǎméishíkēwò	shí
тотьма-	托季马	tuōjìmǎ	jì
красноперекопск-	克拉斯诺佩列科普斯克	kèlāsīnuòpèilièkēpǔsīkè	kè_sī_pǔ_sī_kè
жирновск-	日尔诺夫斯克	rìěrnuòfūsīkè	fū_sī_kè
подольск-	波多利斯克	bōduōlìsīkè	lì_sī_kè
клин-	克林	kèlín	kè
благовещенск-	布拉戈维申斯克	bùlāgēwéishēnsīkè	bù_sī_kè
ленинск-	列宁斯克	lièníngsīkè	sī_kè
истра-	伊斯特拉	yīsītèlā	sī_tè
дятьково-	佳季科沃	jiājìkēwò	jì
бобров-	博布罗夫	bóbùluófū	bù_fū
корсаков	科尔萨科夫	kēěrsàkēfū	fū
котлас-	科特拉斯	kētèlāsī	tè_sī
павловск-	巴甫洛夫斯克	bāfǔluòfūsīkè	fǔ_fū_sī_kè
жуковка-	茹科夫卡	rúkēfūkǎ	fū
устюжина-	乌斯秋日纳	wūsīqiūrìnà	sī
эртиль-	埃尔季利	āiěrjìlì	lì
брянск-	布良斯克	bùliángsīkè	bù_sī_kè
новозыбков-	新济布科夫	xīnjìbùkēfū	bù_fū
облучье-	奥布卢奇耶	àobùlúqíyē	bù
ишимбай-	伊希姆拜	yīxīmǔbài	mǔ
николаевск-	尼古拉耶夫斯克	nígǔlāyēfūsīkè	fū_sī_kè
новохопёрск-	新霍皮奥尔斯克	xīnhuòpíàoěrsīkè	sī_kè
можайск-	莫扎伊斯克	mòzhāyīsīkè	sī_kè
заволжск-	扎沃尔日斯克	zāwòěrrìsīkè	rì_sī_kè
приволжск-	普里沃尔日斯克	pǔlǐwòěrrìsīkè	pǔ_rì_sī_kè
рудня-	鲁德尼亚	lǔdéníyà	dé
кировск-	基洛夫斯克	jīluòfūsīkè	sī_kè
дубовка-	杜博夫卡	dùbófūkǎ	fū
лесной	列斯诺伊	lièsīnuòyī	sī
листвянка	利斯特维扬卡	lìsītèwéiyángkǎ	sī_tè
плесецк	普列谢茨克	pǔlièxiècíkè	pǔ_cí_kè
охотск	鄂霍次克	àohuòcìkè	cì_kè
владимир владимирович путин	弗拉基米尔·弗拉基米罗维奇·普京	fúlājīmǐěrfúlājīmǐluówéiqípǔjīng	fú_fú_qí
корниловская	科尔尼洛夫	kēěrníluòfū	fū
климов	克里莫夫	kèlǐmòfū	kè_fū
евгений евтушенко	叶夫根尼·叶夫图申科	yèfūgēnníyèfūtúshēnkē	fū_fū
оклан	奥克兰	àokèlán	kè
нерехта	涅列赫塔	nièlièhètǎ	hè
тихвинский	齐赫文	qíhèwén	hè
толбачик	托尔巴奇克	tuōěrbāqíkè	kè
сталин	斯大林	sīdàlín	sī
павлов	巴甫洛夫	bāfǔluòfū	fǔ_fū
константин устинович черненко	康斯坦丁·乌斯季诺维奇·契尔年科	kāngsītǎndīngwūsījìnuòwéiqíqìěrniánkē	sī_sī_qí
сосновка	索斯诺夫卡	suǒsīnuòfūkǎ	sī_fū
эртиль	埃尔季利	āiěrjìlì	lì
алексей иванович рыков	阿列克谢·伊万诺维奇·李可夫	ālièkèxièyīwànnuòwéiqílǐkěfū	kè_qí_fū
сухомлинский	苏霍姆林斯基	sūhuòmǔlínsījī	mǔ_sī
кропоткин	克鲁泡特金	kèlǔpàotèjīn	kè_tè
лев толстой	列夫·托尔斯泰	lièfūtuōěrsītài	fūsī
елизавета петровна романова	伊丽莎白·彼得罗芙娜·罗曼诺娃	yīlìshābáibǐdéluófúnàluómànnuòwá	dé_fú
владимир	弗拉基米尔	fúlājīmǐěr	fú
эльбрус	厄尔布鲁士	èěrbùlǔshì	bù_shì
дыхтау	狄克	díkè	kè
пограничный	波格拉尼奇内	bōgélāníqínèi	gé_qí
смирнова	斯米尔诺夫	sīmǐěrnuòfū	sī_fū
романовка	罗曼诺夫	luómànnuòfū	fū
давлеканово	达夫列卡诺沃	dáfūlièkǎnuòwò	fū
псков	普斯科夫	pǔsīkēfū	pǔ_sī
минск	明斯克	míngsīkè	sī_kè
смоленск	斯摩棱斯克	sīmóléngsīkè	sī_sī_kè
балтийск	波罗的斯克	bōluódīsīkè	luó_sī_kè
светлый	斯韦特雷	sīwéitèléi	sī_tè
якутск	雅库茨克	yǎkùcíkè	cí_kè
дальнегорск	达利涅戈尔斯克	dálìniègēěrsīkè	lì_sī_kè
гатчина	加特契纳	jiātèqìnà	tè
белинский	别林斯基	biélínsījī	sī
белогорск	别洛戈尔斯克	biéluògēěrsīkè	sī_kè
белозерск	别洛焦尔斯克	biéluòjiāoěrsīkè	sī_kè
киселёвск	基谢廖夫斯克	jīxièliáofūsīkè	fū_sī_kè
климовск	克利莫夫斯克	kèlìmòfūsīkè	kè_fū_sī_kè
севастополь	塞瓦斯托波尔	sèwǎsītuōbōěr	sī
лесозаводск	列索扎沃茨克	lièsuǒzāwòcíkè	cí_kè
козловка	科兹洛夫卡	kēzīluòfūkǎ	zī_fū
белорецк	别洛列茨克	biéluòliècíkè	cí_kè
бердск	别尔茨克	biéěrcíkè	cí_kè
березники	别列兹尼基	biélièzīníjì	zī
княгинино	克尼亚吉尼诺	kèníyàjínínuò	kè
ковдор	科夫多尔	kēfūduōěr	fū
берёзовский	别廖佐夫斯基	biéliáozuǒfūsījī	fū_sī
беслан	别斯兰	biésīlán	sī
кодинск	科金斯克	kējīnsīkè	sī_kè
козельск	科泽利斯克	kēzélìsīkè	lì_sī_kè
болотное	博洛特诺耶	bóluòtènuòyē	tè
лениногорск	列宁诺戈尔斯克	lièníngnuògēěrsīkè	sī_kè
ленинск	列宁斯克	lièníngsīkè	sī_kè
бирюсинск	比留辛斯克	bǐliúxīnsīkè	sī_kè
бирск	比尔斯克	bǐěrsīkè	sī_kè
лихославль	利库斯拉夫尔	lìkùsīlāfūěr	sī_fū
лобня	洛布尼亚	luòbùníyà	bù
ленск	连斯克	liánsīkè	sī_kè
лермонтов	莱蒙托夫	láimēngtuōfū	fū
каменногорск	卡缅诺戈尔斯克	kǎmiǎnnuògēěrsīkè	sī_kè
кондрово	孔德罗沃	kǒngdéluówò	dé
константиновск	康斯坦丁诺夫斯克	kāngsītǎndīngnuòfūsīkè	sī_fū_sī_kè
ливны	利夫内	lìfūnèi	fū
благодарный	布拉戈达尔内	bùlāgēdáěrnèi	bù
бобров	博布罗夫	bóbùluófū	bù_fū
богданович	波格丹诺维奇	bōgēdānnuòwéiqí	gē_qí
благовещенск	布拉戈维申斯克	bùlāgēwéishēnsīkè	bù_sī_kè
липки	利普基	lìpǔjī	pǔ
лиски	利斯基	lìsījī	sī
белоярск-	别洛亚尔斯克	biéluòyàěrsīkè	sī_kè
коряжма	科里亚日马	kēlǐyàrìmǎ	rì
котельнич	科捷利尼奇	kējiélìníqí	lì_qí
котлас	科特拉斯	kētèlāsī	tè_sī
котовск	科托夫斯克	kētuōfūsīkè	fū_sī_kè
кохма	科赫马	kēhèmǎ	hè
лосино петровский	洛西诺-彼得罗夫斯基	luòxīnuòbǐdéluófūsījī	dé_fū_sī
лысково	雷斯科沃	léisīkēwò	sī
богородицк	博戈罗季茨克	bógēluójìcíkè	cí_kè
богородск	博戈罗茨克	bógēluócíkè	cí_kè
кологрив	科洛格里夫	kēluògélǐfū	gé_fū
каменск уральский	乌拉尔地区卡缅斯克	wūlāěrdìqūkǎmiǎnsīkè	sī_kè
малмыж	马尔梅日	mǎěrméirì	rì
малоархангельск	小阿尔汉格尔斯克	xiǎoāěrhàngéěrsīkè	sī_kè
малоярославец	小雅罗斯拉夫韦茨	xiǎoyǎluósīlāfūwéicí	sī_cí
кораблино	科拉布利诺	kēlābùlìnuò	bù
донецк	顿涅茨克	dùnniècíkè	cí_kè
костерёво	科斯捷列沃	kēsījiélièwò	sī
никольское	尼科尔斯科耶	níkēěrsīkēyé	sī
урюпинск	乌留平斯克	wūliúpíngsīkè	sī_kè
чернушка	切尔努什卡	qiēěrnǔshíkǎ	shí
красный холм	红霍尔姆	hónghuòěrmǔ	mǔ
подпорожье	波德波罗日耶	bōdébōluórìyē	dé_rì
светогорск	斯韦托戈尔斯克	sīwéituōgēěrsīkè	sī_kè
приозерск	普里奥焦尔斯克	pǔlǐàojiāoěrsīkè	pǔ_sī_kè
кингисепп	金吉谢普	jīnjíxièpǔ	pǔ
буйнакск	布伊纳克斯克	bùyīnàkèsīkè	kè_sī_kè
бутурлиновка	布图尔利诺夫卡	bùtúěrlìnuòfūkǎ	fū
кольчугино	科利丘吉诺	kēlìqiūjínuò	lì
дегтярск	杰格佳尔斯克	jiégéjiāěrsīkè	gé_sī_kè
кувшиново	库夫希诺沃	kùfūxīnuòwò	fū
кудымкар	库德姆卡尔	kùdémǔkǎěr	mǔ
кувандык	库万德克	kùwàndékè	kè
всеволожск	弗谢沃洛日斯克	fúxièwòluòrìsīkè	fú_rì_sī_kè
высоцк	维索茨克	wéisuǒcíkè	cí_kè
лыткарино	雷特卡里诺	léitèkǎlǐnuò	tè
братск	布拉茨克	bùlācíkè	bù_cí_kè
кировск	基洛夫斯克	jīluòfūsīkè	fū_sī_kè
приморск	普里莫尔斯克	pǔlǐmòěrsīkè	pǔ_sī_kè
сертолово	谢尔托洛夫	xièěrtuōluòfū	fū
мглин	姆格林	mǔgélín	mǔ_gé
бугуруслан	布古鲁斯兰	bùgǔlǔsīlán	sī
нижний новгород	下诺夫哥罗德	xiànuòfūgēluódé	fū_dé
курильск	库里尔斯克	kùlǐěrsīkè	sī_kè
мыски	梅斯基	méisījī	sī
малгобек	马尔戈别克	mǎěrgēbiékè	kè
красновишерск	克拉斯诺维舍尔斯克	kèlāsīnuòwéishèěrsīkè	kè_sī_sī_kè
кстово	克斯托沃	kèsītuōwò	kè_sī
сланцы	斯兰齐	sīlánqí	sī
межгорье	梅日戈尔耶	méirìgēěryē	rì
бахчисарай	巴赫奇萨赖	bāhèqísàlài	hè
медвежьегорск	梅德韦日耶戈尔斯克	méidéwéirìyēgēěrsīkè	dé_sī_kè
краснослободск	克拉斯诺斯洛博茨克	kèlāsīnuòsīluòbócíkè	kè_sī_cí_kè
мариинский посад	马林斯基镇	mǎlínsījīzhèn	sī
будённовск	布琼诺夫斯克	bùqióngnuòfūsīkè	fū_sī_kè
буинск	布因斯克	bùyīnsīkè	sī_kè
краснотурьинск	克拉斯诺图林斯克	kèlāsīnuòtúlínsīkè	kè_sī_sī_kè
белореченск	别洛列琴斯克	biéluòlièqínsīkè	sī_kè
кыштым	克什特姆	kèshítèmǔ	shí_mǔ
можайск	莫扎伊斯克	mòzhāyīsīkè	sī_kè
михайлов	米哈伊洛夫	mǐhāyīluòfū	fū
тихвин	季赫温	jìhèwēn	hè
абинск	阿宾斯克	ābīnsīkè	sī_kè
апшеронск	阿普歇伦斯克	āpǔxiēlúnsīkè	pǔ_sī_kè
лабытнанги	拉贝特南吉	lābèitènánjí	tè
льгов	利戈夫	lìgēfū	lì_fū
темрюк	捷姆留克	jiémǔliúkè	mǔ_kè
георгиевск	格奥尔吉耶夫斯克	géàoěrjíyēfūsīkè	fū_sī_kè
новороссийск	新罗西斯克	xīnluóxīsīkè	sī_kè
кяхта	恰克图	qiàkètú	kè
боровск	博罗夫斯克	bóluófūsīkè	fū_sī_kè
тосно	托斯诺	tuōsīnuò	sī
кореновск	科列诺夫斯克	kēliènuòfūsīkè	fū_sī_kè
хадыженск	哈德任斯克	hādérènsīkè	sī_kè
дагестанские огни	达吉斯坦奥格尼	dájísītǎnàogéní	gé
междуреченск	梅日杜列琴斯克	méirìdùlièqínsīkè	rì_sī_kè
можга	莫日加	mòrìjiā	rì
минусинск	米努辛斯克	mǐnǔxīnsīkè	sī_kè
менделеевск	门捷列夫斯克	ménjiélièfūsīkè	fū_sī_kè
красавино	克拉萨维诺	kèlāsàwéinuò	kè
сясьстрой	夏西斯特罗伊	xiàxīsītèluóyī	xī_sī_tè
костомукша	科斯托穆克沙	kēsītuōmùkèshā	sī_kè
котельниково	科捷利尼科沃	kējiélìníkēwò	lì
краснозаводск	克拉斯诺扎沃茨克	kèlāsīnuòzāwòcíkè	kè_sī_cí_kè
краснознаменск	红兹纳缅斯克	hóngzīnàmiǎnsīkè	sī_kè
краснознаменск	克拉斯诺兹纳缅斯克	kèlāsīnuòzīnàmiǎnsīkè	kè_sī_zī_sī_kè
омск	鄂木斯克	èmùsīkè	mù_sī_kè
краснокаменск	克拉斯诺卡缅斯克	kèlāsīnuòkǎmiǎnsīkè	kè_sī_sí_kè
краснокамск	克拉斯诺卡姆斯克	kèlāsīnuòkǎmǔsīkè	kè_sī_mǔ_sī_kè
ростов на дону	顿河畔罗斯托夫	dùnhépànluósītuōfū	sī_fū
медногорск	梅德诺戈尔斯克	méidénuògēěrsīkè	dé_sī_kè
куйбышев	古比雪夫	gǔbǐxuěfū	fū
куровское	库罗夫斯科耶	kùluófūsīkēyē	fū_sī
куртамыш	库尔塔梅什	kùěrtǎméishí	shí
красноуфимск	克拉斯诺乌菲姆斯克	kèlāsīnuòwūfēimǔsīkè	kè_sī_mǔ_sī_kè
красный кут	红库特	hóngkùtè	tè
михайловка	米哈伊洛夫卡	mǐhāyīluòfūkǎ	fū
челябинск	车里雅宾斯克	chēlǐyǎbīnsīkè	sī_kè
михайловск	米哈伊洛夫斯克	mǐhāyīluòfūsīkè	fū_sī_kè
шлиссельбург	什利谢利堡	shílìxièlìbǎo	shí_lì
черногорск	切尔诺戈尔斯克	qiēěrnuògēěrsīkè	sī_kè
мончегорск	蒙切戈尔斯克	mēngqiēgēěrsīkè	sī_kè
морозовск	莫罗佐夫斯克	mòluózuǒfūsīkè	fū_sī_kè
моршанск	莫尔尚斯克	mòěrshàngsīkè	sī_kè
назрань	纳兹兰	nàzīlán	zī
ладушкин	拉杜什金	lādùshíjīn	shí
мценск	姆岑斯克	mǔcénsīkè	mǔ_sī_kè
мышкин	梅什金	méishénjīn	shén
калининград	加里宁格勒	jiālǐnínggélè	gé
находка	纳霍德卡	nàhuòdékǎ	dé
лабинск	拉宾斯克	lābīnsīkè	sī_kè
мензелинск	缅泽林斯克	miǎnzélínsīkè	sī_kè
мещовск	梅晓夫斯克	méixiǎofūsīkè	fū_sī_kè
пермь	彼尔姆	bǐěrmǔ	mǔ
подольск	波多利斯克	bōduōlìsīkè	lì_sī_kè
крымск	克雷姆斯克	kèléimǔsīkè	mǔ_sī_kè
курганинск	库尔加宁斯克	kùěrjiāníngsīkè	sī_kè
красноуральск	克拉斯诺乌拉尔斯克	kèlāsīnuòwūláěrsīkè	kè_sī_sī_kè
вельск	韦利斯克	wéilìsīkè	lì_sī_kè
верхоянск	上扬斯克	shàngyángsīkè	sī_kè
похвистнево	波赫维斯特涅沃	bōhèwéisītènièwò	hè_sī_tè
весьегонск	韦西耶贡斯克	wéixīyēgòngsīkè	sī_kè
борисоглебск	鲍里索格列布斯克	bàolǐsuǒgēlièbùsīkè	suǒ_gē_bù_sī_kè
мосальск	莫萨利斯克	mòsàlìsīkè	lì_sī_kè
московский	莫斯科夫斯基	mòsīkēfūsījī	sī_fū_sī
муравленко	穆拉夫连科	mùlāfūliánkē	fū
мурманск	摩尔曼斯克	móěrmànsīkè	sī_kè
суздаль	苏兹达尔	sūzīdáěr	zī
красноперекопск	克拉斯诺佩列科普斯克	kèlāsīnuòpèilièkēpǔsīkè	kè_sī_pǔ_sī_kè
томск	托木斯克	tuōmùsīkè	mù_sī_kè
коломна	科洛姆纳	kēluòmǔnà	mǔ
кушва	库什瓦	kùshíwǎ	shí
сызрань	塞兹兰	sāizīlán	zī
наро фоминск	纳罗-福明斯克	nàluófúmíngsīkè	sī_kè
нарткала	纳尔特卡拉	nàěrtèkǎlā	tè
геленджик	格连吉克	gēliánjíkè	kè
гулькевичи	古利克维奇	gǔlìkèwéiqí	lì
верхняя пышма	上佩什马	shàngpèishímǎ	shí
архангельск	阿尔汉格尔斯克	āěrhàngéěrsīkè	sī_kè
видное	维德诺耶	wéidénuòyé	dé
верхотурье	维尔霍图里耶	wéiěrhuòtúlǐyé	lǐ
гудермес	古杰尔梅斯	gǔjiéěrméisī	sī
вихоревка	维霍列夫卡	wéihuòlièfūkǎ	fū
волгореченск	沃尔戈列琴斯克	wòěrgēlièqínsīkè	sī_kè
вяземский	维亚泽姆斯基	wéiyàzémǔsījī	mǔ_sī
гусиноозёрск	古西诺奥泽尔斯克	gǔxīnuòàozéěrsīkè	sī_kè
грайворон	格赖沃龙	gélàiwòlóng	gé
гремячинск	格列米亚钦斯克	gélièmǐyàqīnsīkè	gé_sī_kè
верхнеуральск	上乌拉尔斯克	shàngwūláěrsīkè	sī_kè
поронайск	波罗奈斯克	bōluónàisīkè	sī_kè
вилючинск	维柳钦斯克	wéiliǔqīnsīkè	sī_kè
полесск	波列斯克	bōlièsīkè	sī_kè
гаврилов ям	加夫里洛夫-亚姆	jiāfūlǐluòfūyàmǔ	fū_fū_mǔ
сургут	苏尔古特	sūěrgǔtè	tè
дедовск	杰多夫斯克	jiéduōfūsīkè	fū_sī_kè
правдинск	普拉夫金斯克	pǔlāfūjīnsīkè	pǔ_sī_kè
приволжск	普里沃尔日斯克	pǔlǐwòěrrìsīkè	pǔ_rì_sī_kè
вилюйск	维柳伊斯克	wéiliǔyīsīkè	sī_kè
полевской	波列夫斯科伊	bōlièfūsīkēyī	fū_sī
тверь	特维尔	tèwéiěr	tè
раменское	拉缅斯科耶	lāmiǎnsīkēyē	sī_kē
невельск	涅韦尔斯克	nièwéiěrsīkè	sī_kè
воскресенск	沃斯克列先斯克	wòsīkèlièxiānsīkè	sī_kè_sī_kè
слюдянка	斯柳江卡	sīliǔjiāngkǎ	sī
красноярск	克拉斯诺亚尔斯克	kèlāsīnuòyàěrsīkè	kè_sī_sī_kè
евпатория	叶夫帕托里亚	yèfūpàtuōlĭyà	fū
ярославль	雅罗斯拉夫尔	yǎluósīlāfūěr	fū
вятские поляны	维亚茨基耶波利亚内	wéiyàcíjīyēpōlìyànèi	cí
гаврилов посад	加夫里洛夫镇	jiāfūlǐluòfūzhèn	fū_fū
грязовец	格里卓维次	gélǐzhuówéicì	lǐ_cì
вольск	沃利斯克	wòlìsīkè	lì_s_kè
выкса	维克萨	wéikèsà	kè
донской	顿斯科伊	dùnsīkēyī	sī
дмитровск	季米特洛夫斯克	jìmǐtèluòfūsīkè	jì_tè_fū_sī_kè
дно	德诺	dénuò	dé
высоковск	维索科夫斯克	wéisuǒkēfūsīkè	fū_sī_kè
димитровград	季米特洛夫格勒	jìmǐtèluòfūgélè	tè_fū_gé
губкин	古布金	gǔbùjīn	bù
губкинский	古布金斯基	gǔbùjīnsījī	bù_sī
воткинск	沃特金斯克	wòtèjīnsīkè	tè_sī_kè
гдов	格多夫	géduōfū	gé_fū
рузаевка	鲁扎耶夫卡	lǔzāyēfūkǎ	fū
рыбинск	雷宾斯克	léibīnsīkè	sī_kè
лангепас	兰格帕斯	lángépàsī	sī
лахденпохья	拉赫坚波希亚	lāhèjiānbōxīyà	hè
данков	丹科夫	dānkēfū	fū
сыктывкар	瑟克特夫卡尔	sèkètèfūkǎěr	kè_fū
глазов	格拉佐夫	gélāzuǒfū	gé_fū
рыбное	雷布诺耶	léibùnuòyé	bù
рыльск	雷利斯克	léilìsīkè	lì_sī_kè
десногорск	杰斯诺戈尔斯克	jiésīnuògēěrsīkè	sī_sī_kè
горбатов	戈尔巴托夫	gēěrbātuōfū	fū
горнозаводск	戈尔诺扎沃茨克	gēěrnuòzāwòcíkè	cí_kè
великий новгород	大诺夫哥罗德	dànuòfūgēluódé	fū_dé
ртищево	勒季谢沃	lèjìxièwò	lè
стрежевой	斯特列热沃伊	sītèlièrèwòyī	sī_tè
пролетарск	普罗列塔尔斯克	pǔluóliètǎěrsīkè	pǔ_sī_kè
протвино	普罗特维诺	pǔluótèwéinuò	pǔ_tè
прохладный	普罗赫拉德内	pǔluóhèlādénèi	pǔ_hè_dé
волжск	沃尔日斯克	wòěrrìsīkè	rì_sī_kè
вуктыл	武克特尔	wǔkètèěr	kè
володарск	沃洛达尔斯克	wòluòdáěrsīkè	sī_kè
дзержинский	捷尔任斯基	jiéěrrènsījī	sī
дивногорск	季夫诺戈尔斯克	jìfūnuògēěrsīkè	fū_sī_kè
невьянск	涅维扬斯克	nièwéiyángsīkè	sī_kè
покров	波克罗夫	bōkèluófū	kè_fū
добрянка	多布良卡	duōbùliángkǎ	bù
радужный	拉杜日内	lādùrìnèi	rì
тотьма	托季马	tuōjìmǎ	jì
приморско ахтарск	滨海阿赫塔尔斯克	bīnhǎiāhètǎěrsīkè	hè_sī_kè
брянск	布良斯克	bùliángsīkè	bù_sī_kè
пустошка	普斯托什卡	pǔsītuōshíkǎ	sī_shí
пушкино	普希金诺	pǔxījīnnuò	xī
горняк	戈尔尼亚克	gēěrníyàkè	kè
городовиковск	戈罗多维科夫斯克	gēluóduōwéikēfūsīkè	fū_sī_kè
россошь	罗索希	luósuoxī	xī
ревда	列夫达	lièfūdá	fū
ростов	罗斯托夫	luósītuōfū	sī_fū
покровск	波克罗夫斯克	bōkèluófūsīkè	kè_fū_sī_kè
курск	库尔斯克	kùěrsīkè	sī_kè
рубцовск	鲁布佐夫斯克	lǔbùzuǒfūsīkè	bù_fū_sī_kè
райчихинск	赖奇欣斯克	làiqíxīnsīkè	sī_kè
шацк	沙茨克	shācíkè	cíkè
гродно	格罗德诺	géluódénuò	gé_dé
элиста	埃利斯塔	āilìsītǎ	sī
северобайкальск	北贝加尔斯克	běibèijiāěrsīkè	sī_kè
дубовка	杜博夫卡	dùbófūkǎ	fū
ворсма	沃尔斯马	wòěrsīmǎ	sī
родники	罗德尼基	luódéníjī	dé
емва	叶姆瓦	yèmǔwǎ	mǔ
енисейск	叶尼塞斯克	yènísàisīkè	sī_kè
ржев	勒热夫	lèrèfū	lè_fū
рассказово	拉斯卡佐沃	lāsīkǎzuǒwò	sī
рудня	鲁德尼亚	lǔdéníyà	dé
тамбов	坦波夫	tǎnbōfū	fū
липецк	利佩茨克	lìpèicíkè	cí_kè
рославль	罗斯拉夫尔	luósīlāfūěr	sī_fū
махачкала	马哈奇卡拉	mǎhāqíkǎlā	qí
духовщина	杜霍夫希纳	dùhuòfūxīnà	fū
астрахань	阿斯特拉罕	āsītèlāhǎn	sī_tè
краснодар	克拉斯诺达尔	kèlāsīnuòdáěr	kè_sī
саяногорск	萨亚诺戈尔斯克	sàyànuògēěrsīkè	sī_kè
саянск	萨彦斯克	sàyànsīkè	sī_kè
долгопрудный	多尔戈普鲁德内	duōěrgēpǔlǔdénèi	pǔ
долинск	多林斯克	duōlínsīkè	sī_kè
алушта	阿卢什塔	ālúshítǎ	shí
северодвинск	北德文斯克	běidéwénsīkè	dé_sīkè
сальск	萨利斯克	sàlìsīkè	lì_sī_kè
закаменск	扎卡缅斯克	zākǎmiǎnsīkè	sī_kè
заволжск	扎沃尔日斯克	zāwòěrrìsīkè	rì_sī_kè
заволжье	扎沃尔日耶	zāwòěrrìyē	rì
белгород	别尔哥罗德	biéěrgēluódé	dé
сатка	萨特卡	sàtèkǎ	tè
светлоград	斯韦特洛格勒	sīwéitèluògélè	sī_tè_gé
свирск	斯维尔斯克	sīwéiěrsīkè	sī_sī_kè
майкоп	迈科普	màikēpǔ	pǔ
сельцо	谢利措	xièlìcuò	lì
семикаракорск	谢米卡拉科尔斯克	xièmǐkǎlākēěrsīkè	sī_kè
жуковка	茹科夫卡	rúkēfūkǎ	fū
ставрополь	斯塔夫罗波尔	sītǎfūluóbōěr	sī_fū
задонск	扎东斯克	zādōngsīkè	sī_kè
железногорск илимский	热列兹诺哥尔斯克-伊利姆斯基	rèlièzīnuògēěrsīkèyīlìmǔsījī	zī_sī_kè_mǔ_sī
чебоксары	切博克萨雷	qiēbókèsàléi	kè
нальчик	纳尔奇克	nàěrqíkè	kè
завитинск	扎维京斯克	zāwéijīngsīkè	sī_kè
заводоуковск	扎沃多乌科夫斯克	zāwòduōwūkēfūsīkè	fū_sī_kè
ершов	叶尔绍夫	yèěrshàofū	fū
грозный	格罗兹尼	géluózīní	gé_zī
светлогорск	斯韦特洛戈尔斯克	sīwéitèluògēěrsīkè	sī_tè_sī_kè
саранск	萨兰斯克	sàlánsīkè	sī_kè
новый оскол	新奥斯科尔	xīnàosīkēěr	sī
дятьково	佳季科沃	jiājìkēwò	jì
егорьевск	叶戈里耶夫斯克	yègēlǐyēfūsīkè	fū_sī_kè
ейск	叶伊斯克	yèyīsīkè	sī_kè
жирновск	日尔诺夫斯克	rìěrnuòfūsīkè	fū_sī_kè
заозёрск	扎奥焦尔斯克	zāàojiāoěrsīkè	sī_kè
западная двина	西德维纳	xīdéwéinà	dé
зеленоградск	泽列诺格拉茨克	zéliènuògélācíkè	gé_cí_kè
владикавказ	弗拉季高加索	fúlājìgāojiāsuǒ	fú_suǒ
североморск	北莫尔斯克	běimòěrsīkè	sī_kè
североуральск	北乌拉尔斯克	běiwūláěrsīkè	sī_kè
курчатов	库尔恰托夫	kùěrqiàtuōfū	fū
севск	谢夫斯克	xièfūsīkè	fū_sī_kè
черкесск	切尔克斯克	qiēěrkèsīkè	sī_kè
сергач	谢尔加奇	xièěrjiāqí	qí
усть джегута	乌斯季杰古塔	wūsījìjiégǔtǎ	sī_jì
усть илимск	乌斯季伊利姆斯克	wūsījìyīlìmǔsīkè	sī_jì_mǔ_sī_kè
йошкар ола	约什卡尔奥拉	yuēshíkǎěràolā	shí
ижевск	伊热夫斯克	yīrèfūsīkè	fū_sī_kè
дрезна	德列兹纳	délièzīnà	dé_zī
жуковский	茹科夫斯基	rúkēfūsījī	fū_sī
заинск	扎因斯克	zāyīnsīkè	sī_kè
жердевка	热尔杰夫卡	rèěrjiéfūkǎ	fū
сердобск	谢尔多布斯克	xièěrduōbùsīkè	bù_sī_kè
серпухов	谢尔普霍夫	xièěrpǔhuòfū	fū
ульяновск	乌里扬诺夫斯克	wūlǐyángnuòfūsīkè	fū_sī_kè
советск	苏维埃茨克	sūwéiāicíkè	cí_kè
моздок	莫兹多克	mòzīduōkè	zī_kè
еманжелинск	叶曼热林斯克	yèmànrèlínsīkè	sī_kè
орск	奥尔斯克	àoěrsīkè	sī_kè
витебск	维捷布斯克	wéijiébùsīkè	bù_sī_kè
зарайск	扎赖斯克	zālàisīkè	sī_kè
сковородино	斯科沃罗季诺	sīkēwòluōjìnuò	sī
сморгонь	斯莫尔贡	sīmòěrgòng	sī
мосты	莫斯特	mòsītè	sī
ефремов	叶夫列莫夫	yèfūlièmòfū	fū_fū
железноводск	热列兹诺沃德斯克	rèlièzīnuòwòdésīkè	zī_dé_sī_kè
черняховск	切尔尼亚霍夫斯克	qièěrníyàhuòfūsīkè	fū_sī_kè
нязепетровск	尼亚泽彼得罗夫斯克	níyàzébǐdéluófūsīkè	dé_fū_sī_kè
волоколамск	沃洛科拉姆斯克	wòluòkēlāmǔsīkè	mǔ_sī_kè
скопин	斯科平	sīkēpíng	sī
славгород	斯拉夫戈罗德	sīlāfūgēluódé	sī_fū_dé
устюжна	乌斯秋日纳	wūsīqiūrìnà	sī_rì
дзержинск	捷尔任斯克	jiéěrrènsīkè	sī_kè
волчанск	沃尔昌斯克	wòěrchāngsīkè	sī_kè
усть катав	乌斯季-卡塔夫	wūsījìkǎtǎfū	sī_jì_fū
усть лабинск	乌斯季-拉宾斯克	wūsījìlābīnsīkè	sī_jì_sī_kè
волжский	伏尔加斯基	fúěrjiāsījī	sī
магнитогорск	马格尼托哥尔斯克	mǎgénítuōgēěrsīkè	gé_sī_kè
харовск	哈罗夫斯克	hāluofūsīkè	fū_sī_kè
хвалынск	赫瓦伦斯克	hèwǎlúnsīkè	hè_sī_kè
фролово	弗罗洛沃	fúluóluòwò	fú
дятлово	佳特洛沃	jiātèluòwò	tè
новокузнецк	新库兹涅茨克	xīnkùzīniècíkè	zī_cí_kè
иланский	伊兰斯基	yīlánsījī	sī
цивильск	齐维利斯克	qíwéilìsīkè	lì_sī_kè
цимлянск	齐姆良斯克	qímǔliángsīkè	mǔ_sī_kè
агрыз	阿格雷兹	āgēléizī	gē_zī
азнакаево	阿兹纳卡耶沃	āzīnàkǎyēwò	zī
холм	霍尔姆	huòěrmǔ	mǔ
хотьково	霍季科沃	huòjìkēwò	jì
ельня	叶利尼亚	yèlìníyà	lì
адыгейск	阿迪格斯克	ādígésīkè	sī_kè
алейск	阿列伊斯克	ālièyīsīkè	sī_kè
фрязино	弗里亚济诺	fúlǐyàjìnuò	fú
фурманов	富尔马诺夫	fùěrmǎnuòfū	fū
кузьмичи	库济米奇	kùjìmǐqí	jì
анд-	安德	āndé	dé
абдулино	阿卜杜利诺	àbùdùlìnuò	bù
бийск	比斯克	bǐsīkè	sī_kè
арзамас	阿尔扎马斯	āěrzāmǎsī	sī
аркадак	阿尔卡达克	āěrkǎdákè	kè
аксай	阿克赛	ākèsài	kè
дмитров	德米特罗夫	démǐtèluófū	dé_tè_fū
химки	希姆基	xīmǔjī	mǔ
коктебель	科克捷别利	kēkèjiébiélì	kè_lì
алексин	阿列克辛	ālièkèxīn	kè
ардатов	阿尔达托夫	āěrdátuōfū	fū
нижневартовск	下瓦尔托夫斯克	xiàwǎěrtuōfūsīkè	fū_sī_kè
артёмовск	阿尔乔莫夫斯克	āěrqiáomòfūsīkè	fū_sī_kè
бабушкин	巴布什金	bābùshíjīn	shí
бавлы	巴夫雷	bāfūléi	fū
алапаевск	阿拉帕耶夫斯克	ālāpàyēfūsīkè	fū_sī_kè
артём	阿尔乔姆	āěrqiáomǔ	mǔ
черноголовка	切尔诺戈洛夫卡	qiēěrnuògēluòfūkǎ	fū
чистополь	奇斯托波尔	jīsītuōbōěr	sī
шахты	沙赫特	shāhètè	hè
александровск-	亚历山德罗夫斯克	yàlìshāndéluófūsīkè	dé_fū_sī_kè
апрелевка	阿普雷列夫卡	āpǔléilièfūkǎ	pǔ_fū
шадринск	沙德林斯克	shādélínsīkè	dé_sī_kè
александров	亚历山德罗夫	yàlìshāndéluófū	dé_fū
багратионовск	巴格拉季奥诺夫斯克	bāgélājìàonuòfūsīkè	gé_fū_sī_kè
байкальск	贝加尔斯克	bèijiāěrsīkè	sī_kè
черемхово	切列姆霍沃	qiēlièmǔhuòwò	mǔ
шимановск	希马诺夫斯克	xīmǎnuòfūsīkè	fū_sī_kè
балахна	巴拉赫纳	bālāhènà	hè
нижнекамск	下卡姆斯克	xiàkǎmǔsīkè	mǔ_sī_kè
баймак	拜马克	bàimǎkè	kè
белая калитва	白卡利特瓦	báikǎlìtèwǎ	tè
югорск	尤戈尔斯克	yóugēěrsīkè	sī_kè
нерюнгри	涅留恩格里	nièliúēngēlǐ	gē
чайковский	柴可夫斯基	cháikěfūsījī	fū_sī
чаплыгин	恰普雷金	qiàpǔléijīn	pǔ
артёмовский	阿尔乔莫夫斯基	āěrqiáomòfūsījī	fū_sī
асбест	阿斯别斯特	āsībiésītè	sī_sī_tè
электроугли	埃列克特罗乌格利	āilièkètèluówūgélì	kè_tè_gé
энгельс	恩格斯城	ēngésīchéng	sī
новоузенск	新乌津斯克	xīnwūjīnsīkè	sī_kè
новоульяновск	新乌里扬诺夫斯克	xīnwūlǐyángnuòfūsīkè	fū_sī_kè
новоуральск	新乌拉尔斯克	xīnwūláěrsīkè	sī_kè
чапаевск	恰帕耶夫斯克	qiàpàyēfūsīkè	fū_sī_kè
ахтубинск	阿赫图宾斯克	āhètúbīnsīkè	hè_sī_kè
ачинск	阿钦斯克	āqīnsīkè	sī_kè
чухлома	丘赫洛马	qiūhèluòmǎ	hè
нижний ломов	下洛莫夫	xiàluòmòfū	fū
шенкурск	申库尔斯克	shēnkùěrsīkè	sī_kè
яранск	亚兰斯克	yàlánsīkè	sī_kè
николаевск	尼古拉耶夫斯克	nígǔlāyēfūsīkè	fū_sī_kè
бежецк	别热茨克	biérècíkè	cí_kè
чкаловск	契卡洛夫斯克	qìkǎluòfūsīkè	qì_fū_sī_kè
облучье	奥布卢奇耶	àobùlúqíyē	qí
обнинск	奥布宁斯克	àobùníngsīkè	bù_sī_kè
никольск	尼科利斯克	níkēlìsīkè	lì_sī_kè
новоаннинский	新安宁斯基	xīnānníngsījī	sī
олёкминск	奥廖克明斯克	àoliàokèmíngsīkè	kè_sī_kè
оленегорск	奥列涅戈尔斯克	àolièniègēěrsīkè	sī_kè
омутнинск	奥穆特宁斯克	àomùtèníngsīkè	tè_sī_kè
новохопёрск	新霍皮奥尔斯克	xīnhuòpíàoěrsīkè	sī_kè
новочебоксарск	新切博克萨尔斯克	xīnqiēbókèsàěrsīkè	sī_kè
амурск	阿穆尔斯克	āmùěrsīkè	sī_kè
ангарск	安加尔斯克	ānjiāěrsīkè	sī_kè
молодечно	莫洛杰奇诺	mòluòjiéqínuò	qí
андреаполь	安德烈亚波尔	āndélièyàbōěr	dé
анжеро судженск	安热罗苏真斯克	ānrèluósuzhēnsīkè	sī_kè
барабинск	巴拉宾斯克	bālābīnsīkè	sī_kè
ясный	亚斯内	yàsīnèi	sī
полоцк	波洛茨克	bōluòcíkè	cí_kè
ясногорск	亚斯诺戈尔斯克	yàsīnuògēěrsīkè	sī_sī_kè
новотроицк	新特罗伊茨克	xīntèluóyīcíkè	tè_cí_kè
нолинск	诺林斯克	nuòlínsīkè	sī_kè
южно сухокумск	南苏霍库姆斯克	nánsūhuòkùmǔsīkè	mǔ_sī_kè
крупки	克鲁普基	kèlǔpǔjī	kè_pǔ
переславль залесский	佩列斯拉夫尔-扎列斯基	pèilièsīlāfūěrzālièsījī	sī_fū_sī
пестово	佩斯托沃	pèisītuōwò	sī
новодвинск	新德文斯克	xīndéwénsīkè	dé_sī_kè
новозыбков	新济布科夫	xīnjìbùkēfū	bù_fū
новокубанск	新库班斯克	xīnkùbānsīkè	sī_kè
нефтекумск	涅夫捷库姆斯克	nièfūjiékùmǔsīkè	fū_mǔ_sī_kè
палласовка	帕拉索夫卡	pàlāsuǒfūkǎ	fū
петров вал	彼得罗夫瓦尔	bǐdéluófūwǎěr	dé_fū
павлово	巴甫洛沃	bāfǔluòwò	fǔ
павловск	巴甫洛夫斯克	bāfǔluòfūsīkè	fǔ_fū_sī_kè
новосокольники	新索科利尼基	xīnsuǒkēlìníjī	lì
нефтеюганск	涅夫捷尤甘斯克	nièfūjiéyóugānsīkè	fū_sī_kè
юрьев польский	尤里耶夫-波利斯基	yóulǐyēfūbōlìsījī	lǐ_fū_lì_sī
норильск	诺里尔斯克	nuòlǐěrsīkè	sī_kè
ноябрьск	诺亚布尔斯克	nuòyàbùěrsīkè	bù_sī_kè
несвиж	涅斯维日	nièsīwéirì	sī_rì
новомичуринск	新米丘林斯克	xīnmǐqiūlínsīkè	sī_kè
ряжск	里亚日斯克	lǐyàrìsīkè	rì_sī_kè
новокуйбышевск	新古比雪夫斯克	xīngǔbǐxuěfūsīkè	fū_sī_kè
новопавловск	新巴甫洛夫斯克	xīnbāfǔluòfūsīkè	fǔ_fū_sī_kè
новоржев	新勒热夫	xīnlèrèfū	lè_fū
отрадный	奥特拉德内	àotèlādénèi	tèdé
петровск	彼得罗夫斯克	bǐdéluófūsīkè	dé_fū_sī_kè
острогожск	奥斯特罗戈日斯克	àosītèluógērìsīkè	sī_tè_rì_sī_kè
новоалександровск	新亚历山德罗夫斯克	xīnyàlìshāndéluófūsīkè	dé_fū_sī_kè
новоалтайск	新阿尔泰斯克	xīnāěrtàisīkè	sī_kè
каменск шахтинский	卡缅斯克-沙赫京斯基	kǎmiǎnsīkèshāhèjīngsījī	sī_kè_hè_sī
нурлат	努尔拉特	nǔěrlātè	tè
звенигово	兹韦尼哥沃	zīwéinígēwò	zī
петушки	佩图什基	pèitúshíjī	shí
орлов	奥尔洛夫	àoěrluòfū	fū
озёрск	奥焦尔斯克	àojiāoěrsīkè	sī_kè
канск	坎斯克	kǎnsīkè	sī_kè
тобольск	托博尔斯克	tuōbóěrsīkè	sī_kè
карачаевск	卡拉恰耶夫斯克	kǎlāqiàyēfūsīkè	fū_sī_kè
звенигород	兹韦尼哥罗德	zīwéinígēluódé	zī_dé
оханск	奥汉斯克	àohànsīkè	sī_kè
зверево	兹韦列沃	zīwéilièwò	zī
зеленодольск	泽列诺多尔斯克	zéliènuòduōěrsīkè	sī_kè
плавск	普拉夫斯克	pǔlāfūsīkè	pǔ_fū_sī_kè
пласт	普拉斯特	pǔlāsītè	pǔ_sī_tè
плёс	普廖斯	pǔliáosī	pǔ_sī
заречный	扎列奇内	zālièqínèi	qí
клецк	克列茨克	kèliècíkè	kè_cí_kè
осташков	奥斯塔什科夫	àosītǎshíkēfū	sī_shí_fū
юхнов	尤赫诺夫	yóuhènuòfū	hè_fū
калачинск	卡拉钦斯克	kǎlāqīnsīkè	sī_kè
калининск	加里宁斯克	jiālǐníngsīkè	sī_kè
ивантеевка	伊万捷耶夫卡	yīwànjiéyēfūkǎ	fū
нытва	内特瓦	nèitèwǎ	tè
качканар	卡奇卡纳尔	kǎqíkǎnàěr	qí
кизилюрт	克孜勒尤尔特	kèzīlèyóuěrtè	lè_tè
кимры	基姆雷	jīmǔléi	mǔ
камешково	卡梅什科沃	kǎméishíkēwò	shí
пересвет	佩列斯韦特	pèilièsīwéitè	sī_tè
таганрог	塔甘罗格	tǎgānluógé	gé
каргополь	卡尔戈波雷	kǎěrgēbōléi	léi
исилькуль	伊西利库尔	yīxīlìkùěr	lì
искитим	伊斯基季姆	yīsījījìmǔ	sī_mǔ
зуевка	祖耶夫卡	zǔyēfūkǎ	fū
знаменск	兹纳缅斯克	zīnàmiǎnsīkè	zī_sī_kè
зубцов	祖布佐夫	zǔbùzuǒfū	bù_fū
нестеров	涅斯捷罗夫	nièsījiéluófū	sī_fū
заринск	扎林斯克	zālínsīkè	sī_kè
аткарск	阿特卡尔斯克	ātèkǎěrsīkè	tè_sī_kè
златоуст	兹拉托乌斯特	zīlātuōwūsītè	zī_sī_tè
злынка	兹伦卡	zīlúnkǎ	zī
кандалакша	坎达拉克沙	kǎndálākèshā	kè
карпинск	卡尔平斯克	kǎěrpíngsīkè	sī_kè
катав ивановск	卡塔夫-伊万诺夫斯克	kǎtǎfūyīwànnuòfūsīkè	fū_fū_sī_kè
катайск	卡泰斯克	kǎtàisīkè	sī_kè
касли	卡斯利	kǎsīlì	sī
брест	布列斯特	bùlièsītè	bù_sī_tè
змеиногорск	兹梅伊诺戈尔斯克	zīméiyīnuògēěrsīkè	zī_sī_kè
избербаш	伊兹别尔巴什	yīzībiéěrbāshí	zī_shí
изобильный	伊佐比利内	yīzuǒbǐlìnèi	lì
ишимбай	伊希姆拜	yīxīmǔbài	mǔ
кадников	卡德尼科夫	kǎdéníkēfū	dé_fū
опочка	奥波奇卡	àobōqíkǎ	qí
ялуторовск	亚卢托罗夫斯克	yàlútuōluōfūsīkè	fū_sī_kè
лакинск	拉金斯克	lājīnsīkè	sī_kè
камышлов	卡梅什洛夫	kǎméishíluòfū	shí_fū
кедровый	克德罗维	kèdéluówéi	dé
пионерский	皮奥涅尔斯基	píàonièěrsījī	sī
питкяранта	皮特基亚兰塔	pítèjīyàlántǎ	tè
хасавюрт	哈萨维尤尔特	hāsàwéiyóuěrtè	wéi_tè
кимовск	基莫夫斯克	jīmòfūsīkè	fū_sī_kè
кизляр	基兹利亚尔	jīzīlìyàěr	zī
зеленокумск	泽列诺库姆斯克	zéliènuòkùmǔsīkè	mǔ_sī_kè
зерноград	泽尔诺格勒	zéěrnuògélè	gé
щигры	希格雷	xīgēléi	gē
кировград	基洛夫格勒	jīluòfūgélè	gé
киренск	基廉斯克	jīliánsīkè	sī_kè
славск	斯拉夫斯克	sīlāfūsīkè	sī_fū_sī_kè
кирс	基尔斯	jīěrsī	sī
кириллов	基里尔洛夫	jīlǐěrluòfū	fū
слободской	斯洛博茨科伊	sīluòbócíkēyī	sī_cí
снежинск	斯涅任斯克	sīnièrènsīkè	sī_sī_kè
кирово чепецк	基洛沃-切佩茨克	jīluòwòqiēpèicíkè	cí_kè
кинешма	基涅什马	jīnièshímǎ	shí
киреевск	基列耶夫斯克	jīlièyēfūsīkè	fū_sī_kè
снежногорск	斯涅日诺戈尔斯克	sīnièrìnuògēěrsīkè	sī_rì_sī_kè
сорочинск	索罗钦斯克	suǒluóqīnsīkè	sī_kè
старая купавна	旧库帕夫纳	jiùkùpàfūnà	fū
среднеколымск	中科雷姆斯克	zhōngkēléimǔsīkè	mǔ_sī_kè
среднеуральск	中乌拉尔斯克	zhōngwūlāěrsīkè	sī_kè
сретенск	斯利坚斯克	sīlìjiānsīkè	sī_sī_kè
старица	斯塔里察	sītǎlǐchá	sī
стародуб	斯塔罗杜布	sītǎluódùbù	sī_bù
старый оскол	旧奥斯科尔	jiùàosīkēěr	sī
спасск дальний	斯帕斯克达利尼	sīpàsīkèdálìní	sī_sī_kè_lì
спасск рязанский	斯帕斯克-梁赞斯基	sīpàsīkèliángzànsījī	sī_sī_kè_sī
сосенский	索先斯基	suǒxiānsījī	sī
сосновоборск	索斯诺沃博尔斯克	suǒsīnuòwòbóěrsīkè	sī_sī_kè
сосногорск	索斯诺戈尔斯克	suǒsīnuògēěrsīkè	sī_sī_kè
соликамск	索利卡姆斯克	suǒlìkǎmǔsīkè	mǔ_sī_kè
солнечногорск	索尔涅奇诺戈尔斯克	suǒěrnièqínuògēěrsīkè	qí_sī_kè
советский	苏维埃茨基	sūwéiāicíjī	cí
сурск	苏尔斯克	sūěrsīkè	sī_kè
сольвычегодск	索里维切戈茨斯克	suǒlǐwéiqiēgēcísīkè	lǐ_cí_sī_kè
сольцы	索利齐	suǒlìqí	lì
сорск	索尔斯克	suǒěrsīkè	sī_kè
струнино	斯特鲁尼诺	sītèlǔnínuò	sī_tè
ступино	斯图皮诺	sītúpínuò	sī
спас деменск	斯帕斯-杰缅斯克	sīpàsījiémiǎnsīkè	sī_sī_sī_kè
спас клепики	斯帕斯-克列皮基	sīpàsīkèlièpíjī	sī_sī_kè
спасск	斯帕斯克	sīpàsīkè	sī_sī_kè
тайшет	泰舍特	tàishètè	tè
талдом	塔尔多姆	tǎěrduōmǔ	mǔ
сысерть	瑟谢尔季	sèxièěrjì	jì
таштагол	塔什塔戈尔	tǎshítǎgēěr	shí
темников	捷姆尼科夫	jiémǔníkēfū	mǔ_fū
тихорецк	季霍列茨克	jìhuòliècíkè	cí_kè
сычёвка	瑟乔夫卡	sèqiáofūkǎ	fū
томмот	托莫特	tuōmòtè	tè
топки	托普基	tuōpǔjī	pǔ
троицк	特罗伊茨克	tèluóyīcíkè	tè_cí_kè
торжок	托尔若克	tuōěrruòkè	kè
тимашёвск	季马绍夫斯克	jìmǎshàofūsīkè	fū_sī_kè
трубчевск	特鲁布切夫斯克	tèlǔbùqièfūsīkè	tè_bù_fū_sī_kè
туапсе	图阿普谢	túāpǔxiè	pǔ
туринск	图林斯克	túlínsīkè	sī_kè
удачный	乌达奇内	wūdáqínèi	qí
углегорск	乌格列戈尔斯克	wūgéliègēěrsīkè	gé_sī_kè
тырныауз	特尔内奥兹	tèěrnèiàozī	zī
тюкалинск	秋卡林斯克	qiūkǎlínsīkè	sī_kè
узловая	乌兹洛瓦亚	wūzīluòwǎyà	zī
урус мартан	乌鲁斯-马尔坦	wūlǔsīmǎěrtǎn	sī
усинск	乌辛斯克	wūxīnsīkè	sī_kè
слуцк	斯卢茨克	sīlúcíkè	sī_cí_kè
смолевичи	斯莫列维奇	sīmòlièwéiqí	sī
солигорск	索利戈尔斯克	suǒlìgēěrsīkè	sī_kè
пинск	平斯克	píngsīkè	sī_kè
столбцы	斯托尔布齐	sītuōěrbùqí	sī_bù
узда	乌兹达	wūzīdá	zī
бобруйск	博布鲁伊斯克	bóbùlǔyīsīkè	bù_sī_kè
алупка	阿卢普卡	ālúpǔkǎ	pǔ
старый крым	旧克里木	jiùkèlǐmù	kè_mù
браслав	布拉斯拉夫	bùlāsīlāfū	bù_sī_fū
волковыск	瓦夫卡维斯克	wǎfūkǎwēisīkē	fū_sī_kē
ошмяны	奥什米亚内	àoshénmǐyànèi	shén
шклов	什克洛夫	shíkèluòfū	shí_kè_fū
новогрудок	新格鲁多克	xīngélǔduōkè	gé_kè
слоним	斯洛尼姆	sīluònímǔ	sī_mǔ
добруш	多布鲁什	duōbùlǔshí	bù_shí
забайкальск	后贝加尔斯克	hòubèijiāěrsīkè	sī_kè
агинское	阿金斯科耶	ājīnsīkēyē	sī
чернышевский	车尔尼雪夫斯基	chēěrníxuěfūsījī	fū_sī
усть нера	乌斯季挪拉	wūsījìnuólā	sī_jì
краскино	克拉斯基诺	kèlāsījīnuò	kè_sī
свияжск	斯维亚日斯克	sīwéiyàrìsīkè	sī_rì_sī_kè
арбат	阿尔巴特	āěrbātè	tè
даниловский	丹尼洛夫	dānníluòfū	fū
люблино	柳布林诺	liǔbùlínnuò	bù
алексеевский	阿列克谢	ālièkèxiè	kè
тверской	特维尔	tèwéiěr	tè
фрунзенский	伏龙芝	fúlóngzhī	fú
петровичи	彼得罗维奇	bǐdéluówéiqí	dé
