label_zh;label_ru;translit
奥涅加;Онега;àonièjiā
奥特拉德诺耶;Отрадное;àotèlādénuòyē
贝加尔;Байкал;bèijiā’ěr
拉多加;Ладога;lāduōjiā
伏尔加;Волга;fú’ěrjiā
普斯科夫;Псков-;pǔ sī kē fū
列佩利;Лепель-;lièpèilì
哈桑;Хасан;hā sāng
谢利格尔;Селигер;xièlìgé’ěr
拉马;Лама;lāmǎ
泰梅尔;Таймыр;tàiméi’ěr
加利;Галь-;jiālì
加里;Гарь;jiālǐ
孔德;Конд-;kǒngdé
苏拉;Сула;sūlā
苏姆;Сум-;sūmǔ
乌尔;Ур-;wūěr
克柳奇;Ключи;kèliǔqí
休奇耶;Щучье;xiūqíyē
古比雪夫;Куйбышев-;gǔbǐxuěfū
沙尔;Шар;shā’ěr
车臣;Чечень;chēchén
乌什;Уш;wūshí
苏霍伊;Сухой;sūhuòyī
俄罗斯;Русский;éluósī
彼得格勒;Петроград-;bǐdégélè
施密特;Шмидт-;shīmìtè
海斯;Хейс-;hǎisī
哈雷;Харли;hāléi
费尔斯曼;Ферсман-;fèi’ěrsīmàn
乌沙科夫;Ушаков-;wūshākēfū
索尔兹伯里;Солсбери;suǒ’ěrzībólǐ
索洛维约夫;Соловьёв-;suǒluòwéiyuēfū
鲁道夫;Рудольф-;lǔdàofū
罗伯逊;Робертсон-;luóbóxùn
波波夫;Попов-;bōbōfū
牛顿;Ньютон-;niúdùn
南森;Нансен-;nánsēn
拉夫罗夫;Лавров-;lāfūluófū
库恩;Кун-;kù’ēn
高尔察克;Колчак-;gāo’ěrchákè
约翰;Ион-;yuēhàn
伊万诺夫;Иванов-;yīwànnuòfū
迪克;Дик-;díkè
杰斐逊;Джефферсон-;jiéfěixùn
杰克逊;Джексон-;jiékèxùn
戴维;Давид-;dàiwéi
霍夫曼;Гофман-;huòfūmàn
霍尔;Галль-;huò’ěr
弗兰格尔;Врангель-;fúlángé’ěr
白令;Беринг-;báilìng
贝克尔;Беккер-;bèikè’ěr
阿瑟;Артур-;āsè
安德烈耶夫;Андреев-;āndélièyēfū
阿德莱德;Аделаида;ādéláidé
新西伯利亚;Новая Сибирь;xīnxībólìyà
马卡尔;Макар;mǎkǎ’ěr
科穆纳尔;Коммунар;kēmùnà’ěr
克林;Клин;kèlín
基;Кий;jī 
迪克森;Диксон;díkèsēn
戴维斯;Дауэс;dàiwéisī
维多利亚;Виктория;wéiduōlìyà
瓦西里;Васильевский;wǎxīlǐ
布扬;Буян;bùyáng
布尔什维克;Большевик;bùěrshíwéikè
别雷;Белый;biéléi
贝尔;Белл;bèiěr
第聂伯;Днепр;dìnièbó
通古斯;Подкаменная Тунгуска;tōnggǔsī
阿纳德尔;Анадырь;ā’nàdé’ěr
伏尔加;Волга;fú’ěrjiā
卢加;Луга;lújiā
沃尔霍夫;Волхов;wò’ěrhuòfū
皮萨;Писса;písà
维京;Витим;wéijīng
沃洛格达;Вологда;wòluògēdá
库尔;Кур;kù’ěr
额尔古纳;Аргунь;é’ěrgǔ’nà
鄂毕;Обь;èbì
顿;Дон;dùn
纳德姆;Надым;nàdémǔ
伯朝拉;Печора;bócháolā
库班;Кубань;kùbān
捷列克;Терек;jiélièkè
乌拉尔;Урал;wūlā’ěr
叶尼塞;Енисей;yènísāi
泰梅尔;Нижняя Таймыра;tàiméi’ěr
普尔;Пур;pǔ’ěr
涅瓦;Нева;nièwǎ
图们;Туман-;túmén
阿巴坎;Абакан;ābākǎn
卡马;Кама;kǎmǎ
梅津;Мезень;méijīn
乌苏里;Уссури;wūsūlǐ
结雅;Зея;jiēyǎ
乌法;Уфа;wūfǎ
阿尔丹;Алдан;ā’ěrdān
塔夫达;Тавда;tǎfūdá
伊希姆;Ишим;yīxīmǔ
苏拉;Сура;sūlāsūla
丘雷姆;Чулым;qiūléimǔ
维亚特卡;Вятка;wéiyàtèkǎ
石勒喀;Шилка;shílèkā
尤留赞;Юрюзань;yóuliúzàn
布伊;Буй;bùyī
堪察加;Камчатка;kānchájiā
额尔齐斯;Иртыш;é’ěrqísī
乌赫塔;Ухта;wūhètǎ
普里皮亚季;Припять;pǔlǐpíyàjì
亚赫罗马;Яхрома;yàhèluómǎ
雅各布;Ворьема;yāgèbù
莫斯科;Москва;mòsīkē
安加拉;Ангара;ānjiālā
库马;Кума;kùmǎ
拉巴;Лаба;lāba
舒亚;Шуя;shūyà
米阿斯;Миасс;mǐāsī
萨马拉;Самара;sàmǎlā
别拉亚;Белая;biélāyà
阿尔东;Ардон;ā’ěrdōng
霍尔;Хор;huò’ěr
尤拉;Юла;yóulā
布祖卢克;Бузулук;bùzǔlúkè
扎扎;Заза;zhāzhā
巴克桑;Баксан;bākèsāng
丘赫洛马;Чухлома-;qiūhèluòmǎ
克拉斯诺耶;Красное;kèlāsīnuòyē
瓦尔代;Валдай-;wǎ’ěrdài
米亚杰尔;Мядель;mǐyàjiéěr
乌多姆利亚;Удомля;wūduōmǔlìyà
巴尔古津;Баргузин;bāěrgǔjīn
图拉;Тура;túlā
坎;Кан;kǎn
塔拉;Тара;tǎlā
尼布楚;Нерча;níbùchǔ
卡拉苏克;Карасук;kǎlāsūkè
卡通;Катунь;kǎtōng 
布列亚;Бурея;bùlièyà
塔塔;Татта;tǎtǎ
哈尔科夫;Харьков;hā’ěrkēfū
沃罗涅日;Воронеж;wòluónièrì
普拉;Пра;pǔlā
阿拉特里;Алатырь;àlatèlǐ
沃尔马;Волма;wù’ěrmǎ
托斯诺;Тосна;tuōsīnuò
卡斯;Кас;kǎ sī
瓦盖;Вагай;wǎ gài
蒂萨河;Тисса;dìsà hé
梅拉;Мера;méilā
比亚;Бия;bǐyà
科斯特罗马;Кострома;kēsītèluómǎ
博尔贾;Борзя;bó’ěrjiǎ
雄;Сюнь;xióng
涅亚;Нея;nièyà
因萨尔;Инсар;yīnsà’ěr
普肖尔;Псёл;pǔxiào’ěr
谢廖扎;Серёжа;xièliàozhà
吉达;Джида;jídá
阿巴;Аба;ābā
古西;Гусь;gǔxī
科拉;Кола;kēlā
卢扎;Луза;lúzā
巴雷什;Барыш;bāléishí
科恩;Кемь;kē’ēn
苏达;Суда;sūdá
卡拉;Кара;kǎlā
厄;Ы;è
奥廖尔;Олёр;àoliáo’ěr
斯维斯洛奇;Свислочь;sīwéisīluòqí
伊斯特拉;Истра;yīsītèlā
维亚济马;Вязьма;wéiyàjìmǎ
利瓦;Моства;lìwǎ
梅拉;Мыла;méilā
萨尔;Сал;sà’ěr
乌利亚;Улья;wūlìyà
捷里别尔卡;Териберка;jiélǐbié’ěrkǎ
帕拉;Пара;pàlā
日兹德拉;Жиздра;rìzīdélā
苏多格达;Судогда;sūduōgédá
索奇;Сочи;suǒqí
塔吉尔;Тагил;tǎjí’ěr
列日;Реж;lièrì
密尔;Мир;mìěr
沙赫乔尔斯克;Шахтёрск;shāhèqiáo’ěrsīkè
基日;Кижи;jīrì
拉拉;Лала;lālā
维捷格拉;Вытегра;wéijiégélā
博代博;Бодайбо;bódàibó
布尔;Бур;bùěr
捷别尔达;Теберда;jiébié’ěrdá
乌斯;Ус;wūsī
艾达尔;Айдар;yìdáěr
卡缅卡;Каменка;kǎmiǎnkǎ
克拉斯诺耶;Красносельское;kèlāsīnuòyē
克拉斯诺耶;Красненское;kèlāsīnuòyē
阿拉尔;Аларь;ālāěr
伊尔库茨克;Иркутск-;yī’ěrkùcìkè
弗拉基米尔;Владимир-;fúlājīmǐ’ěr
阿列克谢耶夫卡;Алексеевка;ālièkèxièyēfūkǎ
卡缅卡;Каменка;kǎmiǎnkǎ
亚历山德罗夫斯克;Александровск;yàlìshāndéluófūsīkè
亚历山德罗夫卡;Александровка;yàlìshāndéluófūkǎ
库皮诺;Купино;kùpínuò
沃罗诺沃;Вороново-;wòluònuòwò
扎列西耶;Залесье-;zālièxīyē
尼古拉;Никола-;nígǔlā
乌斯秋日纳;Устюжена-;wūsīqiūrìnà
克拉斯诺耶;Краснянское;kèlāsīnuòyē
科比;Кобь-;kēbǐ
科兹洛夫卡;Козловка-;kēzīluòfūkǎ
别列兹尼基;Березники-;biélièzīníjì
别列佐夫卡;Березовка-;biélièzuǒfūkǎ
古兰;Гуран-;gǔlán
佩图什基;Петушки-;pèitúshíjī
戈罗季谢;Городище-;gēluójìxiè
克拉萨维诺;Красавино-;kèlāsàwéinuò
尼科利斯克;Никольск-;níkēlìsīkè
捷尔任斯基;Дзержинский-;jié’ěrrènsījī
捷尔任斯克;Дзержинск-;jié’ěrrènsīkè
杰米多夫;Демидов-;jiémǐduōfū
米尔内;Мирный-;mǐ’ěrnèi
斯莫列维奇;Смолевичи-;sīmòlièwéiqí
普里莫尔斯克;Приморск-;pǔlǐmò’ěrsīkè
哈罗夫斯克;Харовск-;hāluofūsīkè
索斯诺夫卡;Сосновка-;suǒsīnuòfūkǎ
米哈伊洛夫卡;Михайловка-;mǐhāyīluòfūkǎ
特罗伊茨克;Троицк-;tèluóyīcíkè
乌斯曼;Усмань-;wūsīmàn
切列姆霍沃;Черемхово-;qiēlièmǔhuòwò
西伯利亚;Сибирь;xībólìyà
奥特拉德诺耶;Отрадное-;àotèlādénuòyē
帕尼诺;Панино-;pànínuò
普希金诺;Пушкино-;pǔxījīnnuò
切列姆霍沃;Черемхово-;qiēlièmǔhuòwò
列奇察;Речица-;lièqíchá
莫斯科夫斯基;Московский-;mòsīkēfūsījī
罗索希;Россоша-;luósuoxī
基尔扎奇;Киржач;jī’ěrzhāqí
维特;Вить;wéitè
希洛克;Хилок;xīluòkè
鲁扎;Руза;lǔzā
伊尔比特;Ирбит;yī’ěrbǐtè
布拉;Була;bùlā
雷西瓦;Лысьва;léixīwǎ
尼瓦;Нива;níwǎ
赤塔;Чита;chìtǎ
卡尔加特;Каргат;kǎ’ěrjiātè
乌拉;Улла;wūlā
杜布纳;Дубна;dùbùnà
苏达;Судское;sūdá
瑟乔夫卡;Сычёвка-;sèqiáofūkǎ
谢利措;Сельцо-;xièlìcuò
谢米卢基;Семилуки-;xièmǐlújī
斯图皮诺;Ступино-;sītúpínuò
休奇耶;Щучье-;xiūqíyē
胡日尔;Хужир-;húrì’ěr
维捷布斯克;Витебск-;wéijiébùsīkè
格罗杰科沃;Гродеково-;géluójiékēwò
米哈伊洛夫卡;Михайловка-;mǐhāyīluòfūkǎ
阿列克谢耶夫卡;Алексеевка-;ālièkèxièyēfūkǎ
帕尼诺;Панино-;pànínuò
锡安;Сиан-;xī’ān
别列佐夫卡;Березовка-;biélièzuǒfūkǎ
克柳奇;Ключевской;kèliǔqí
阿斯特拉罕;Астрахань-;āsītèlāhǎn
克拉斯诺耶;Красное-;kèlāsīnuòyē
比留奇;Бирюч-;bǐliúqí
索斯诺夫卡;Сосновка-;suǒsīnuòfūkǎ
赖奇欣斯克;Райчихинск-;làiqíxīnsīkè
安东诺夫卡;Антоновка-;āndōngnuòfūkǎ
梅德韦杰夫;Медведев-;méidéwéijiéfū
奥利亚;Оля-;àolìyà
扎里亚;Заря-;zālǐyà
罗姆内;Ромны-;luómǔnèi
米尔内;Мирное;mǐ’ěrnèi
伊萨;Иса-;yīsà
艾达尔;Айдар-;yìdáěr
安东诺夫;Антонов-;āndōngnuòfū
阿克赛;Аксай-;ākèsài
阿穆尔泽特;Амурзет-;āmù’ěrzétè
伊利亚;Илия;yīlìyà
沃尔库塔;Воркута;wò’ěrkùtǎ
乌恰;Уча;wūqià
卢扎;Лужа;lúzā
察察;Цаца-;cháchá
苏维埃茨基;Советский-;sūwéi’āicíjī
波波夫;Попов-;bōbōfū
沙金;Шакин-;shājìn
科穆纳尔;Коммунар-;kēmùnà’ěr
卡诺;Кано-;kǎnuò
彼得罗夫斯基;Петровский-;bǐdéluófūsījī
巴巴耶沃;Бабаево-;bābāyēwò
伏尔加格勒;Волгоград;fú’ěrjiāgēlè
乔伊斯;Чойский;qiáoyīsī
索宾卡;Собинка-;suǒbīnkǎ
德米特罗夫;Дмитров-;démǐtèluófū
别尔哥罗德;Белгород-;biéěrgēluódé
哈拉巴利;Харабали-;hālābālì
苏维埃;Совет;sūwéi’āi 
弗罗洛沃;Фролово-;fúluóluòwò
扎维京斯克;Завитинск-;zāwéijīngsīkè
科罗恰;Короча-;kēluóqià
亚历山德罗夫;Александров-;yàlìshāndéluófū
格赖沃龙;Грайворон-;gélàiwòlóng
卡梅贾克;Камызяк-;kǎméijiǎkè
连斯克;Ленск-;liánsīkè
切列波韦茨;Череповец-;qiēlièbōwéicí
巴赫奇萨赖;Бахчисарай-;bāhèqísàlài
维捷格拉;Вытегра-;wéijiégélā
加夫里洛夫镇;Гаврилов Посад-;jiāfūlǐluòfū zhèn
新奥斯科尔;Новыйй Оскол;xīnàosīkē’ěr
布列亚;Бурея-;bùlièyà
斯柳江卡;Слюдянка-;sīliǔjiāngkǎ
特鲁布切夫斯克;Трубчевск-;tèlǔbùqièfūsīkè
谢夫斯克;Севск-;xièfūsīkè
米尔内;Мирный-;mǐ’ěrnèi
契诃夫;Чехов-;qìhēfū
腾达;Тында-;téngdá
阿赫图宾斯克;Ахтубинск-;āhètúbīnsīkè
基廉斯克;Киренский;jīliánsīkè
拉缅斯科耶;Раменск-;lāmiǎnsīkēyē
别洛戈尔斯克;Белогорск-;biéluògēěrsīkè
普切日;Пучеж-;pǔqiērì
科捷利尼科沃;Котельниково-;kējiélìníkēwò
苏罗维基诺;Суровикино-;sūluówéijīnuò
泰舍特;Тайшет-;tàishètè
博古恰尔;Богучар-;bógǔqià’ěr
巴拉克拉瓦;Балаклава-;bālākèlāwǎ
兹伦卡;Злынка-;zīlúnkǎ
苏拉日;Сураж-;sūlārì
斯塔罗杜布;Стародуб-;sītǎluódùbù
结雅;Зея-;jiēyǎ
奎屯;Куйтун-;kuítún
卡拉奇;Калач-;kǎlāqí
哈罗夫斯克;Харовск-;hāluofūsīkè
科利丘吉诺;Кольчугино-;kēlìqiūjínuò
伊尔库茨克;Иркутск-;yī’ěrkùcìkè
波沃里诺;Поворино-;bōwòlǐnuò
大乌斯秋格;Великий Устюг;dàwūsīqiūgé
沃洛格达;Вологда;wòluògēdá
尤扎;Южа-;yóuzhā
戈罗杰茨;Городец-;gēluójiécí
姆格林;Мглин-;mǔgélín
波切普;Почеп-;bōqiēpǔ
科洛姆纳;Коломна-;kēluòmǔnà
纳里马诺夫;Нариманов-;nàlǐmǎnuòfū
帕拉索夫卡;Палласовка-;pàlāsuǒfūkǎ
斯科沃罗季诺;Сковородино-;sīkēwòluōjìnuò
舍别基诺;Шебекино-;shěbiéjīnuò
基涅什马;Кинешма-;jīnièshímǎ
维丘加;Вичуга-;wéiqiūjiā
奥斯特罗戈日斯克;Острогожск-;àosītèluógērìsīkè
莫戈恰;Могоча-;mògēqià
乌留平斯克;Урюпинск-;wūliúpíngsīkè
谢别日;Себеж-;xièbiérì
利瓦;Лива;lìwǎ
切巴尔库尔;Чебаркуль;qiēbā’ěrkù’ěr
伊夫杰利;Ивдель;yīfūjiélì
乌斯曼;Усмань;wūsīmàn
阿拉;Ала;ālā
萨基;Саки-;sà 
罗索希;Россошь-;luósuoxī
尤里耶韦茨;Юрьевец-;yóulǐyēwéicí
布拉茨克;Братск-;bùlācíkè
布图尔利诺夫卡;Бутурлиновка-;bùtú’ěrlìnuòfūkǎ
博代博;Бодайбо-;bódàibó
富尔马诺夫;Фурманов-;fù’ěrmǎnuòfū
乌斯季伊利姆斯克;Усть Илимск-;wūsījì yīlìmǔsīkè
安纳;Аннино-;ānnà
阿尔扎马斯;Арзамас-;ā’ěrzāmǎsī
苏兹达尔;Суздаль-;sūzīdá’ěr
苏多格达;Судогда-;sūduōgédá
谢列霍夫;Шелехов-;xièlièhuòfū
济马;Зима-;jìmǎ
古西赫鲁斯塔利内;Гусь Хрустальный;gǔxīhèlǔsītǎlìnèi
乌斯季库特;Усть Кут;wūsījìkùtè
卡梅什科沃;Камешково-;kǎméishíkēwò
科托沃;Котово-;kētuōwò
帕列赫;Палех-;pàlièhè
捷伊科沃;Тейково-;jiéyīkēwò
舒亚;Шуя-;shūyà
巴巴耶沃;Бабаево-;bābāyēwò
托季马;Тотьма-;tuōjìmǎ
戈罗霍韦茨;Гороховец-;gēluóhuòwéicí
克拉斯诺佩列科普斯克;Красноперекопск-;kèlāsīnuò pèilièkēpǔsīkè
辛菲罗波尔;Симферополь-;xīnfēiluóbō’ěr
日尔诺夫斯克;Жирновск-;rì’ěrnuòfūsīkè
波多利斯克;Подольск-;bōduōlìsīkè
克林;Клин-;kèlín
布拉戈维申斯克;Благовещенск-;bùlāgēwéishēnsīkè
戈罗季谢;Городище-;gēluójìxiè
列宁斯克;Ленинск-;lièníngsīkè
卡希拉;Кашира;kǎxīlā
伊斯特拉;Истра-;yīsītèlā
卡缅卡;Каменка-;kǎmiǎnkǎ
佳季科沃;Дятьково-;jiājìkēwò
比罗比詹;Биробиджан-;bǐluóbǐzhān
博布罗夫;Бобров-;bóbùluófū
科尔萨科夫;Корсаков;kē’ěrsàkēfū
占科伊;Джанкой-;zhànkēyī
科特拉斯;Котлас-;kētèlāsī
索科尔;Сокол-;suǒkē’ěr
奥萨;Оса-;àosà
巴甫洛夫斯克;Павловск-;bāfǔluòfūsīkè
茹科夫卡;Жуковка-;rúkēfūkǎ
乌斯秋日纳;Устюжина-;wūsīqiūrìnà
埃尔季利;Эртиль-;āi’ěrjìlì
布良斯克;Брянск-;bùliángsīkè
新济布科夫;Новозыбков-;xīnjìbùkēfū
列宁;Ленин-;lièníng
阿拉尔;Алар-;ālāěr
乌涅恰;Унеча-;wūnièqià
奥布卢奇耶;Облучье-;àobùlúqíyē
伊希姆拜;Ишимбай-;yīxīmǔbài
乌索利耶;Усолье-;wūsuǒlìyé
尼科利斯克;Никольск-;níkēlìsīkè
尼古拉耶夫斯克;Николаевск-;nígǔlāyēfūsīkè
新霍皮奥尔斯克;Новохопёрск-;xīnhuòpí’ào’ěrsīkè
莫扎伊斯克;Можайск-;mòzhāyīsīkè
扎沃尔日斯克;Заволжск-;zāwò’ěrrìsīkè
普里沃尔日斯克;Приволжск-;pǔlǐwò’ěrrìsīkè
鲁德尼亚;Рудня-;lǔdéníyà
基洛夫斯克;Кировск-;jīluòfūsīkè
托罗佩茨;Торопец-;tuōluōpèicí
杜博夫卡;Дубовка-;dùbófūkǎ
奥洛涅茨;Олонец-;àoluòniècí
列斯诺伊;Лесной;lièsīnuòyī
瓦尼诺;Ванино;wǎnínuò
利斯特维扬卡;Листвянка;lìsītèwéiyángkǎ
普列谢茨克;Плесецк;pǔlièxiècíkè
鄂霍次克;Охотск;àohuòcìkè
弗拉基米尔·弗拉基米罗维奇·普京;Владимир Владимирович Путин;fúlājīmǐ’ěr fúlājīmǐluówéiqí pǔjīng
基里尔;Кирилл;jīlǐ’ěr
科尔尼洛夫;Корниловская;kē’ěrníluòfū
克里莫夫;Климов;kèlǐmòfū
佩拉格娅;Пелагея;pèilāgéyà
叶夫根尼·叶夫图申科;Евгений Евтушенко;yèfūgēnní yèfūtúshēnkē
瓦列里娅;Валерия;wǎlièlǐyà
卡宾;Карпин;kǎbīn
娜塔莉;Натали;nàtǎlì
伊凡;Иван;yīfán
奥克兰;Оклан;àokèlán
涅列赫塔;Нерехта;nièlièhètǎ
齐赫文;Тихвинский;qíhèwén
托卡列夫;Токарев;tuōkǎlièfū
斯维拉娜·亚历塞维奇;Светлана Алексиевич;sīwéilānà yàlìsāiwéiqí
托尔巴奇克;Толбачик;tuō’ěrbāqíkè
列宁;Ленин;lièníng
斯大林;Сталин;sīdàlín
巴甫洛夫;Павлов;bāfǔluòfū
康斯坦丁·乌斯季诺维奇·契尔年科;Константин Устинович Черненко;kāngsītǎndīng wūsījìnuòwéiqí qì’ěrniánkē
卜弼德;Будберг;bǔbìdé
索斯诺夫卡;Сосновка;suǒsīnuòfūkǎ
埃尔季利;Эртиль;āi’ěrjìlì
阿列克谢·伊万诺维奇·李可夫;Алексей Иванович Рыков;ālièkèxiè yīwànnuòwéiqí lǐkěfū
波列伏依;Полевой;bōlièfúyī
苏霍姆林斯基;Сухомлинский;sūhuòmǔlínsījī
尼古拉耶夫;Николаев;nígǔlāyēfū
克鲁泡特金;Кропоткин;kèlǔpàotèjīn
列夫·托尔斯泰;Лев Толстой;lièfū tuō’ěrsītài
贝勒;Бретшнейдер;bèilè
阿古柏;Якуб;āgǔbó
列昂尼德;Леонид;liè’ángnídé
韦列夏金;Верещагин;wéilièxiàjīn
伊丽莎白·彼得罗芙娜·罗曼诺娃;Елизавета Петровна Романова;yīlìshābái bǐdéluófúnà luómànnuòwá
夏伯阳;Чапаев;xiàbóyáng
弗拉基米尔;Владимир;fúlājīmǐ’ěr
龙果夫;Драгунов;lóngguǒfū
莫戈恰;Могоча;mògēqià
厄尔布鲁士;Эльбрус;è’ěrbùlǔshì
狄克;Дыхтау;díkè
克尔;Келля;kè’ěr
波格拉尼奇内;Пограничный;bōgélāníqínèi
斯米尔诺夫;Смирнова;sīmǐ’ěrnuòfū
戈梅利;Гомель;gēméilì
奥尔沙;Орша;ào’ěrshā
科;Ко;kē
罗曼诺夫;Романовка;luómànnuòfū
莫吉廖夫;Могилёв;mòjíliáofū
达夫列卡诺沃;Давлеканово;dáfūlièkǎnuòwò
普斯科夫;Псков;pǔsīkēfū
明斯克;Минск;míngsīkè
斯摩棱斯克;Смоленск;sīmóléngsīkè
涅曼;Неман;nièmàn
波罗的斯克;Балтийск;bōluódīsīkè
古谢夫;Гусев;gǔxièfū
斯韦特雷;Светлый;sīwéitèléi
秋明;Тюмень;qiūmíng
巴尔瑙尔;Барнаул;bā’ěrnǎo’ěr
克麦罗沃;Кемерово;kèmàiluówò
克孜勒;Кызыл;kèzīlè
萨列哈尔德;Салехард;sàlièhā’ěrdé
雅库茨克;Якутск;yǎkùcíkè
乌兰乌德;Улан Удэ;wūlánwūdé
别列别伊;Белебей;biélièbiéyī
别廖夫;Белёв;biéliáofū
野猪河;Тетюхе;yězhūhé
达利涅戈尔斯克;Дальнегорск;dálìniègē’ěrsīkè
加特契纳;Гатчина;jiātèqìnà
别林斯基;Белинский;biélínsījī
别洛沃;Белово;biéluòwò
别洛戈尔斯克;Белогорск;biéluògēěrsīkè
别洛焦尔斯克;Белозерск;biéluòjiāo’ěrsīkè
基谢廖夫斯克;Киселёвск;jīxièliáofūsīkè
克利莫夫斯克;Климовск;kèlìmòfūsīkè
塞瓦斯托波尔;Севастополь;sèwǎsītuōbō’ěr
列索扎沃茨克;Лесозаводск;lièsuǒzāwòcíkè
科兹洛夫卡;Козловка;kēzīluòfūkǎ
基里希;Кириши;jīlǐxī
别洛列茨克;Белорецк;biéluòliècíkè
别尔茨克;Бердск;bié’ěrcíkè
别列兹尼基;Березники;biélièzīníjì
克尼亚吉尼诺;Княгинино;kèníyàjínínuò
科夫多尔;Ковдор;kēfūduō’ěr
科维尔基诺;Ковылкино;kēwéi’ěrjīnuò
别廖佐夫斯基;Берёзовский;biéliáozuǒfūsījī
别斯兰;Беслан;biésīlán
比罗比詹;Биробиджан;bǐluóbǐzhān
苏达克;Судак;sūdákè
科加雷姆;Когалым;kējiāléimǔ
科金斯克;Кодинск;kējīnsīkè
科泽利斯克;Козельск;kēzélìsīkè
博尔加尔;Болгар;bó’ěrjiā’ěr
博洛戈耶;Бологое;bóluògēyē
博洛特诺耶;Болотное;bóluòtènuòyē
柳比姆;Любим;liǔbǐmǔ
列宁诺戈尔斯克;Лениногорск;lièníngnuògēěrsīkè
列宁斯克;Ленинск;lièníngsīkè
比留辛斯克;Бирюсинск;bǐliúxīnsīkè
比利比诺;Билибино;bǐlìbǐnuò
比尔斯克;Бирск;bǐ’ěrsīkè
博古恰尔;Богучар;bógǔqià’ěr
利库斯拉夫尔;Лихославль;lìkùsīlāfūěr
洛布尼亚;Лобня;luòbùníyà
连斯克;Ленск;liánsīkè
莱蒙托夫;Лермонтов;láimēngtuōfū
伊万哥罗德;Ивангород;yīwàngēluódé
卡缅诺戈尔斯克;Каменногорск;kǎmiǎnnuògē’ěrsīkè
孔德罗沃;Кондрово;kǒngdéluówò
康斯坦丁诺夫斯克;Константиновск;kāngsītǎndīngnuòfūsīkè
利夫内;Ливны;lìfūnèi
布拉戈达尔内;Благодарный;bùlāgēdáěrnèi
博布罗夫;Бобров;bóbùluófū
波格丹诺维奇;Богданович;bōgēdānnuòwéiqí
科纳科沃;Конаково;kēnàkēwò
孔多波加;Кондопога;kǒngduōbōjiā
马加丹;Магадан;mǎjiādān
比留奇;Бирюч;bǐliúqí
布拉戈维申斯克;Благовещенск;bùlāgēwéishēnsīkè
利基诺-杜廖沃;Ликино Дулёво;lìjīnuò dùliáowò
利普基;Липки;lìpǔjī
利斯基;Лиски;lìsījī
别洛亚尔斯克;Белоярск-;biéluòyà’ěrsīkè
科尔萨科夫;Корсаков;kē’ěrsàkēfū
科里亚日马;Коряжма;kēlǐyàrìmǎ
科捷利尼奇;Котельнич;kējiélìníqí
科特拉斯;Котлас;kētèlāsī
科托沃;Котово;kētuōwò
科托夫斯克;Котовск;kētuōfūsīkè
科赫马;Кохма;kēhèmǎ
洛西诺-彼得罗夫斯基;Лосино Петровский;luòxīnuò bǐdéluófūsījī
卢霍维齐;Луховицы;lúhuòwéiqí
雷斯科沃;Лысково;léisīkēwò
博戈罗季茨克;Богородицк;bógēluójìcíkè
博戈罗茨克;Богородск;bógēluócíkè
科洛格里夫;Кологрив;kēluògélǐfū
波戈托尔;Боготол;bōgētuō’ěr
乌拉尔地区卡缅斯克;Каменск Уральский;wūlāěr dìqū kǎmiǎnsīkè
马尔梅日;Малмыж;mǎ’ěrméirì
小阿尔汉格尔斯克;Малоархангельск;xiǎoāěrhàngéěrsīkè
小雅罗斯拉夫韦茨;Малоярославец;xiǎoyǎluósīlāfūwéicí
科尔基诺;Коркино;kē’ěrjīnuò
科尔帕舍沃;Колпашево;kē’ěrpàshèwò
库尔干;Курган;kùěrgān
维堡;Выборг;wéibǎo
新西伯利亚;Новосибирск;xīnxībólìyà
科拉布利诺;Кораблино;kēlābùlì’nuò
顿涅茨克;Донецк;dùnniècíkè
科斯捷列沃;Костерёво;kēsījiélièwò
大乌斯秋格;Великий Устюг;dà wūsīqiūgé
尼科尔斯科耶;Никольское;níkē’ěrsīkēyé
新拉多加;Новая Ладога;xīn lāduōjiā
谢米卢基;Семилуки;xièmǐlújī
乌留平斯克;Урюпинск;wūliúpíngsīkè
切尔努什卡;Чернушка;qiēěrnǔshíkǎ
红苏林;Красный Сулин;hóng sūlín
红霍尔姆;Красный Холм;hóng huò’ěrmǔ
波德波罗日耶;Подпорожье;bōdébōluórìyē
斯韦托戈尔斯克;Светогорск;sīwéituōgē’ěrsīkè
普里奥焦尔斯克;Приозерск;pǔlǐ’àojiāo’ěrsīkè
金吉谢普;Кингисепп;jīnjíxièpǔ
布伊纳克斯克;Буйнакск;bùyīnàkèsīkè
布图尔利诺夫卡;Бутурлиновка;bùtú’ěrlìnuòfūkǎ
科罗廖夫;Королёв;kēluóliáofū
科利丘吉诺;Кольчугино;kēlìqiūjínuò
马马德什;Мамадыш;mǎmǎdéshí
马莫诺夫;Мамоново;mǎmònuòfū
杰格佳尔斯克;Дегтярск;jiégéjiāěrsīkè
库夫希诺沃;Кувшиново;kùfūxīnuòwò
库德姆卡尔;Кудымкар;kùdémǔkǎ’ěr
库万德克;Кувандык;kùwàndékè
弗谢沃洛日斯克;Всеволожск;fúxièwòluòrìsīkè
维索茨克;Высоцк;wéisuǒcíkè
雷特卡里诺;Лыткарино;léitèkǎlǐnuò
布拉茨克;Братск;bùlācíkè
基洛夫斯克;Кировск;jīluòfūsīkè
柳班;Любань;liǔbān
普里莫尔斯克;Приморск;pǔlǐmò’ěrsīkè
谢尔托洛夫;Сертолово;xiè’ěrtuōluòfū
米尔内;Мирный;mǐ’ěrnèi
姆格林;Мглин;mǔgélín
梅吉翁;Мегион;méijíwēng
布古鲁斯兰;Бугуруслан;bùgǔlǔsīlán
下诺夫哥罗德;Нижний Новгород;xià nuòfūgēluódé
库皮诺;Купино;kùpínuò
库里尔斯克;Курильск;kùlǐěrsīkè
库尔洛沃;Курлово;kù’ěrluòwò
梅斯基;Мыски;méisījī
小维舍拉;Малая Вишера;xiǎo wéishèlā
马尔戈别克;Малгобек;mǎ’ěrgēbiékè
克拉斯诺维舍尔斯克;Красновишерск;kèlāsīnuòwéishèěrsīkè
柳季诺沃;Людиново;liǔjìnuòwò
克斯托沃;Кстово;kèsītuōwò
库宾卡;Кубинка;kùbīnkǎ
斯兰齐;Сланцы;sīlánqí
博洛霍沃;Болохово;bóluòhuòwò
梅日戈尔耶;Межгорье;méirìgē’ěryē
巴赫奇萨赖;Бахчисарай;bāhèqísàlài
梅德韦日耶戈尔斯克;Медвежьегорск;méidéwéirìyēgē’ěrsīkè
克拉斯诺斯洛博茨克;Краснослободск;kèlāsīnuòsīluòbócíkè
马林斯基镇;Мариинский Посад;mǎlínsījī zhèn
布琼诺夫斯克;Будённовск;bùqióngnuòfūsīkè
布因斯克;Буинск;bùyīnsīkè
克拉斯诺图林斯克;Краснотурьинск;kèlāsīnuòtúlínsīkè
别洛列琴斯克;Белореченск;biéluòlièqínsīkè
克什特姆;Кыштым;kèshítèmǔ
沃洛索沃;Волосово;wòluòsuǒwò
莫扎伊斯克;Можайск;mòzhāyīsīkè
良托尔;Лянтор;liángtuō’ěr
米尼亚尔;Миньяр;mǐníyà’ěr
米哈伊洛夫;Михайлов;mǐhāyīluòfū
季赫温;Тихвин;jìhèwēn
阿宾斯克;Абинск;ābīnsīkè
阿普歇伦斯克;Апшеронск;āpǔxiēlúnsīkè
拉贝特南吉;Лабытнанги;lābèitènánjí
拉甘;Лагань;lāgān
梅连基;Меленки;méiliánjī
利戈夫;Льгов;lìgēfū
阿纳帕;Анапа;ānàpà
捷姆留克;Темрюк;jiémǔliúkè
格奥尔吉耶夫斯克;Георгиевск;géàoěrjíyēfūsīkè
新罗西斯克;Новороссийск;xīnluóxīsīkè
恰克图;Кяхта;qiàkètú
博罗夫斯克;Боровск;bóluófūsīkè
托斯诺;Тосно;tuōsīnuò
皮卡廖沃;Пикалёво;píkǎliáowò
科列诺夫斯克;Кореновск;kēliènuòfūsīkè
哈德任斯克;Хадыженск;hādérènsīkè
达吉斯坦奥格尼;Дагестанские Огни;dájísītǎn àogéní
喀山;Казань;kāshān
马卡里耶夫;Макарьев;mǎkǎlǐyēfū
马库希诺;Макушино;mǎkùxīnuò
梅日杜列琴斯克;Междуреченск;méirìdùlièqínsīkè
莫日加;Можга;mòrìjiā
米努辛斯克;Минусинск;mǐnǔxīnsīkè
梅列乌兹;Мелеуз;méilièwūzī
门捷列夫斯克;Менделеевск;ménjiélièfūsīkè
克拉萨维诺;Красавино;kèlāsàwéinuò
大卡缅;Большой Камень;dàkǎmiǎn
博罗季诺;Бородино;bóluójìnuò
夏西斯特罗伊;Сясьстрой;xiàxīsītèluóyī
库梅尔套;Кумертау;kùméi’ěrtào
昆古尔;Кунгур;kūngǔ’ěr
科斯托穆克沙;Костомукша;kēsītuōmùkèshā
科捷尔尼基;Котельники;kējié’ěrníjī
科捷利尼科沃;Котельниково;kējiélìníkēwò
克拉斯诺扎沃茨克;Краснозаводск;kèlāsīnuòzāwòcíkè
红兹纳缅斯克;Краснознаменск;hóng zīnàmiǎnsīkè
克拉斯诺兹纳缅斯克;Краснознаменск;kèlāsīnuòzīnàmiǎnsīkè
费奥多西亚;Феодосия;fèi’àoduōxīyà
鄂木斯克;Омск;èmùsīkè
克拉斯诺卡缅斯克;Краснокаменск;kèlāsīnuòkǎmiǎnsīkè
克拉斯诺卡姆斯克;Краснокамск;kèlāsīnuòkǎmǔsīkè
顿河畔罗斯托夫;Ростов на Дону;dùnhé pàn luósītuōfū
梅德诺戈尔斯克;Медногорск;méidénuògēěrsīkè
梅登;Медынь;méidēng
古比雪夫;Куйбышев;gǔbǐxuěfū
库罗夫斯科耶;Куровское;kùluófūsīkēyē
库尔塔梅什;Куртамыш;kù’ěrtǎméishí
库萨;Куса;kùsà
雅尔塔;Ялта;yǎ’ěrtǎ
博尔;Бор;bóěr
叶卡捷琳堡;Екатеринбург;yèkǎjiélínbǎo
克拉斯诺乌菲姆斯克;Красноуфимск;kèlāsīnuòwūfēimǔsīkè
红库特;Красный Кут;hóngkùtè
米哈伊洛夫卡;Михайловка;mǐhāyīluòfūkǎ
车里雅宾斯克;Челябинск;chēlǐyǎbīnsīkè
米哈伊洛夫斯克;Михайловск;mǐhāyīluòfūsīkè
什利谢利堡;Шлиссельбург;shílìxièlìbǎo
切尔诺戈尔斯克;Черногорск;qiē’ěrnuògē’ěrsīkè
蒙切戈尔斯克;Мончегорск;mēngqiēgēěrsīkè
莫罗佐夫斯克;Морозовск;mòluózuǒfūsīkè
莫尔尚斯克;Моршанск;mò’ěrshàngsīkè
纳扎罗沃;Назарово;nàzāluówò
纳兹兰;Назрань;nàzīlán
拉杜什金;Ладушкин;lādùshíjīn
姆岑斯克;Мценск;mǔcénsīkè
梅什金;Мышкин;méishénjīn
加里宁格勒;Калининград;jiālǐnínggélè
占科伊;Джанкой;zhànkēyī
纳霍德卡;Находка;nàhuòdékǎ
拉宾斯克;Лабинск;lābīnsīkè
缅泽林斯克;Мензелинск;miǎnzélínsīkè
梅晓夫斯克;Мещовск;méixiǎofūsīkè
米昆;Микунь;mǐkūn
萨基;Саки;sàjī
彼尔姆;Пермь;bǐěrmǔ
波多利斯克;Подольск;bōduōlìsīkè
穆拉希;Мураши;mùlāxī
克雷姆斯克;Крымск;kèléimǔsīkè
库尔加宁斯克;Курганинск;kù’ěrjiāníngsīkè
克拉斯诺乌拉尔斯克;Красноуральск;kèlāsīnuòwūláěrsīkè
库列巴基;Кулебаки;kùlièbājī
上萨尔达;Верхняя Салда;shàng sà’ěrdá
上图拉;Верхняя Тура;shàng túlā
韦利日;Велиж;wéilìrì
韦利斯克;Вельск;wéilìsīkè
上扬斯克;Верхоянск;shàngyángsīkè
波赫维斯特涅沃;Похвистнево;bōhèwéisītènièwò
拉伊舍沃;Лаишево;lāyīshèwò
韦西耶贡斯克;Весьегонск;wéixīyēgòngsīkè
辛菲罗波尔;Симферополь;xīnfēiluóbō’ěr
鲍里索格列布斯克;Борисоглебск;bàolǐsuǒ gēlièbùsīkè
莫萨利斯克;Мосальск;mòsàlìsīkè
莫斯科夫斯基;Московский;mòsīkēfūsījī
穆拉夫连科;Муравленко;mùlāfūliánkē
摩尔曼斯克;Мурманск;mó’ěrmànsīkè
鲍里索夫;Борисов;bàolǐsuǒfū
苏兹达尔;Суздаль;sūzīdá’ěr
克拉斯诺佩列科普斯克;Красноперекопск;kèlāsīnuò pèilièkēpǔsīkè
瓦尔代;Валдай;wǎ’ěrdài
瓦卢伊基;Валуйки;wǎlúyījī
托木斯克;Томск;tuōmùsīkè
科洛姆纳;Коломна;kēluòmǔnà
库什瓦;Кушва;kùshíwǎ
塞兹兰;Сызрань;sāizīlán
上塔吉尔;Верхний Тагил;shàngtǎjí’ěr
上乌法列伊;Верхний Уфалей;shàng wūfǎlièyī
纳罗-福明斯克;Наро Фоминск;nàluó fúmíngsīkè
纳尔特卡拉;Нарткала;nà’ěrtèkǎlā
涅韦尔;Невель;nièwéi’ěr
韦尼奥夫;Венёв;wéiní’àofū
格连吉克;Геленджик;gēliánjíkè
古利克维奇;Гулькевичи;gǔlìkèwéiqí
上佩什马;Верхняя Пышма;shàng pèishímǎ
索契;Сочи;suǒqì
阿尔汉格尔斯克;Архангельск;ā’ěrhàngé’ěrsīkè
维德诺耶;Видное;wéidénuòyé
米列罗沃;Миллерово;mǐlièluówò
矿水城;Минеральные Воды;kuàngshuǐchéng
维尔霍图里耶;Верхотурье;wéiěrhuòtúlǐyé
古杰尔梅斯;Гудермес;gǔjié’ěrméisī
古科沃;Гуково;gǔkēwò
维霍列夫卡;Вихоревка;wéihuòlièfūkǎ
维丘加;Вичуга;wéiqiūjiā
沃尔戈列琴斯克;Волгореченск;wò’ěrgēlièqínsīkè
纳里马诺夫;Нариманов;nàlǐmǎnuòfū
切列波韦茨;Череповец;qiēlièbōwéicí
维亚泽姆斯基;Вяземский;wéiyàzémǔsījī
古西诺奥泽尔斯克;Гусиноозёрск;gǔxīnuò àozé’ěrsīkè
格赖沃龙;Грайворон;gélàiwòlóng
格列米亚钦斯克;Гремячинск;gélièmǐyàqīnsīkè
韦列夏吉诺;Верещагино;wéilièxiàjínuò
韦列亚;Верея;wéilièyà
上乌拉尔斯克;Верхнеуральск;shàng wūlá’ěrsīkè
波罗奈斯克;Поронайск;bōluónàisīkè
谢列霍夫;Шелехов;xièlièhuòfū
维柳钦斯克;Вилючинск;wéiliǔqīnsīkè
陶里亚蒂;Тольятти;táolǐyàdì
波雷萨耶沃;Полысаево;bōléisàyēwò
波利亚尔内耶佐里;Полярные Зори;pōlìyà’ěrnèiyē zuǒlǐ
波列斯克;Полесск;bōlièsīkè
纳瓦希诺;Навашино;nàwǎxīnuò
纳沃洛基;Наволоки;nàwòluòjī
加夫里洛夫-亚姆;Гаврилов Ям;jiāfūlǐluòfū yàmǔ
加加林;Гагарин;jiājialín
苏尔古特;Сургут;sū’ěrgǔtè
纳里扬马尔;Нарьян Мар;nàlǐyángmǎ’ěr
杰多夫斯克;Дедовск;jiéduōfūsīkè
杰米多夫;Демидов;jiémǐduōfū
达尔马托沃;Далматово;dá’ěrmǎtuōwò
伊曼;Дальнереченск;yīmàn
波利亚尔内;Полярный;pōlìyàěrnèi
普拉夫金斯克;Правдинск;pǔlāfūjīnsīkè
普里沃尔日斯克;Приволжск;pǔlǐwò’ěrrìsīkè
维柳伊斯克;Вилюйск;wéiliǔyīsīkè
波列夫斯科伊;Полевской;bōlièfūsīkēyī
特维尔;Тверь;tèwéiěr
拉缅斯科耶;Раменское;lāmiǎnsīkēyē
涅韦尔斯克;Невельск;nièwéi’ěrsīkè
波切普;Почеп;bōqiēpǔ
波奇诺克;Починок;bōjīnuòkè
沃斯克列先斯克;Воскресенск;wòsīkèlièxiānsīkè
波舍霍尼耶;Пошехонье;bōshèhuòníyē
斯柳江卡;Слюдянка;sīliǔjiāngkǎ
维列伊卡;Вилейка;wéilièyīkǎ
克拉斯诺亚尔斯克;Красноярск;kèlāsīnuòyàěrsīkè
叶夫帕托里亚;Евпатория;yèfūpàtuōlĭyà
雅罗斯拉夫尔;Ярославль;yǎluósīlāfū’ěr
列别姜;Лебедянь;lièbiéjiāng
多莫杰多沃;Домодедово;duōmòjiéduōwò
维亚茨基耶波利亚内;Вятские Поляны;wéiyàcíjīyē pōlìyànèi
加夫里洛夫镇;Гаврилов Посад;jiāfūlǐluòfū zhèn
格里卓维次;Грязовец;gélǐzhuówéicì
梅季希;Мытищи;méijìxī
沃利斯克;Вольск;wòlìsīkè
维克萨;Выкса;wéikèsà
古巴哈;Губаха;gǔbāhā
顿斯科伊;Донской;dùnsīkēyī
季米特洛夫斯克;Дмитровск;jìmǐtèluòfūsīkè
德诺;Дно;dénuò
维索科夫斯克;Высоковск;wéisuǒkēfūsīkè
季戈拉;Дигора;jìgēlā
季米特洛夫格勒;Димитровград;jìmǐtèluòfūgélè
古布金;Губкин;gǔbùjīn
古布金斯基;Губкинский;gǔbùjīnsījī
沃特金斯克;Воткинск;wòtèjīnsīkè
格多夫;Гдов;géduōfū
鲁扎耶夫卡;Рузаевка;lǔzāyēfūkǎ
雷宾斯克;Рыбинск;léibīnsīkè
兰格帕斯;Лангепас;lángépàsī
拉赫坚波希亚;Лахденпохья;lāhèjiānbōxīyà
丹尼洛夫;Данилов;dānníluòfū
丹科夫;Данков;dānkēfū
瑟克特夫卡尔;Сыктывкар;sèkètèfūkǎěr
格拉佐夫;Глазов;gélāzuǒfū
雷布诺耶;Рыбное;léibùnuòyé
雷利斯克;Рыльск;léilìsīkè
杰斯诺戈尔斯克;Десногорск;jiésīnuògēěrsīkè
加吉耶沃;Гаджиево;jiājíyēwò
加利奇;Галич;jiālìqí
戈尔巴托夫;Горбатов;gē’ěrbātuōfū
戈尔诺扎沃茨克;Горнозаводск;gēěrnuòzāwòcíkè
大诺夫哥罗德;Великий Новгород;dà nuòfūgēluódé
罗沙利;Рошаль;luóshālì
勒季谢沃;Ртищево;lèjìxièwò
斯特列热沃伊;Стрежевой;sītèlièrèwòyī
普罗列塔尔斯克;Пролетарск;pǔluóliètǎěrsīkè
普罗特维诺;Протвино;pǔluótèwéinuò
普罗赫拉德内;Прохладный;pǔluóhèlādénèi
沃尔日斯克;Волжск;wò’ěrrìsīkè
武克特尔;Вуктыл;wǔkètè’ěr
沃洛达尔斯克;Володарск;wòluòdáěrsīkè
捷尔任斯基;Дзержинский;jié’ěrrènsījī
季夫诺戈尔斯克;Дивногорск;jìfūnuògē’ěrsīkè
涅维扬斯克;Невьянск;nièwéiyángsīkè
波克罗夫;Покров;bōkèluófū
多布良卡;Добрянка;duōbùliángkǎ
佩蒂亚赫;Пыть Ях;pèidì yàhè
拉杜日内;Радужный;lādùrìnèi
托季马;Тотьма;tuōjìmǎ
波沃里诺;Поворино;bōwòlǐnuò
波卡奇;Покачи;bōkǎqí
滨海阿赫塔尔斯克;Приморско Ахтарск;bīnhǎi āhètǎ’ěrsīkè
梁赞;Рязань;liángzàn
戈利齐诺;Голицыно;gēlìqínuò
布良斯克;Брянск;bùliángsīkè
奥廖尔;Орёл;àoliáo’ěr
普斯托什卡;Пустошка;pǔsītuōshíkǎ
普切日;Пучеж;pǔqiērì
普希金诺;Пушкино;pǔxījīnnuò
戈尔尼亚克;Горняк;gē’ěrníyàkè
戈罗杰茨;Городец;gēluójiécí
戈罗季谢;Городище;gēluójìxiè
普希诺;Пущино;pǔxīnuò
佩塔洛沃;Пыталово;pèitǎluòwò
戈罗多维科夫斯克;Городовиковск;gēluóduōwéikēfūsīkè
戈罗霍韦茨;Гороховец;gēluóhuòwéicí
罗索希;Россошь;luósuoxī
列夫达;Ревда;lièfūdá
列乌托夫;Реутов;lièwūtuōfū
谢罗夫;Серов;xièluófú
罗斯托夫;Ростов;luósītuōfū
波克罗夫斯克;Покровск;bōkèluófūsīkè
卡卢加;Калуга;kǎlújiā
库尔斯克;Курск;kù’ěrsīkè
普加乔夫;Пугачёв;pǔjiāqiáofū
普多日;Пудож;pǔduōrì
鲁布佐夫斯克;Рубцовск;lǔbùzuǒfūsīkè
赖奇欣斯克;Райчихинск;làiqíxīnsīkè
沙茨克;Шацк;shācíkè
萨拉托夫;Саратов;sàlātuōfū
格罗德诺;Гродно;géluódénuò
埃利斯塔;Элиста;āilìsītǎ
北贝加尔斯克;Северобайкальск;běibèijiā’ěrsīkè
杜博夫卡;Дубовка;dùbófūkǎ
沃尔斯马;Ворсма;wò’ěrsīmǎ
卡拉巴诺沃;Карабаново;kǎlābānuòwò
罗德尼基;Родники;luódéníjī
叶姆瓦;Емва;yèmǔwǎ
叶尼塞斯克;Енисейск;yènísàisīkè
勒热夫;Ржев;lèrèfū
拉斯卡佐沃;Рассказово;lāsīkǎzuǒwò
鲁德尼亚;Рудня;lǔdéníyà
坦波夫;Тамбов;tǎnbōfū
利佩茨克;Липецк;lìpèicíkè
罗斯拉夫尔;Рославль;luósīlāfū’ěr
沃罗诺沃;Вороново;wòluònuòwò
马哈奇卡拉;Махачкала;mǎhāqíkǎlā
杜金卡;Дудинка;dùjīnkǎ
杜霍夫希纳;Духовщина;dùhuòfūxīnà
久尔秋利;Дюртюли;jiǔ’ěrqiūlì
阿斯特拉罕;Астрахань;āsītèlāhǎn
萨莱尔;Салаир;sàlái’ěr
克拉斯诺达尔;Краснодар;kèlāsīnuòdá’ěr
萨福诺沃;Сафоново;sàfúnuòwò
萨亚诺戈尔斯克;Саяногорск;sàyànuògēěrsīkè
萨彦斯克;Саянск;sàyànsīkè
多尔戈普鲁德内;Долгопрудный;duōěrgēpǔlǔdénèi
多林斯克;Долинск;duōlínsīkè
阿卢什塔;Алушта;ālúshítǎ
北德文斯克;Северодвинск;běidéwénsīkè
萨利斯克;Сальск;sàlìsīkè
扎卡缅斯克;Закаменск;zākǎmiǎnsīkè
扎沃尔日斯克;Заволжск;zāwò’ěrrìsīkè
扎沃尔日耶;Заволжье;zāwò’ěrrìyē
别尔哥罗德;Белгород;biéěrgēluódé
图拉;Тула;túlā
萨罗夫;Саров;sàluófú
萨索沃;Сасово;sàsuǒwò
萨特卡;Сатка;sàtèkǎ
斯韦特洛格勒;Светлоград;sīwéitèluògélè
斯维尔斯克;Свирск;sīwéi’ěrsīkè
迈科普;Майкоп;màikēpǔ
谢利措;Сельцо;xièlìcuò
谢苗诺夫;Семёнов;xièmiáonuòfū
谢米卡拉科尔斯克;Семикаракорск;xièmǐkǎlākēěrsīkè
茹科夫;Жуков;rúkēfū
茹科夫卡;Жуковка;rúkēfūkǎ
斯塔夫罗波尔;Ставрополь;sītǎfūluóbōěr
扎东斯克;Задонск;zādōngsīkè
热列兹诺哥尔斯克-伊利姆斯基;Железногорск Илимский;rèlièzīnuògē’ěrsīkè yīlìmǔsījī
叶先图基;Ессентуки;yèxiāntújī
切博克萨雷;Чебоксары;qiēbókèsàléi
马加斯;Магас;mǎjiāsī
纳尔奇克;Нальчик;nàěrqíkè
扎维京斯克;Завитинск;zāwéijīngsīkè
扎沃多乌科夫斯克;Заводоуковск;zāwòduōwūkēfūsīkè
叶尔绍夫;Ершов;yè’ěrshàofū
格罗兹尼;Грозный;géluózīní
多罗戈布日;Дорогобуж;duōluógēbùrì
斯韦特洛戈尔斯克;Светлогорск;sīwéitèluògē’ěrsīkè
萨兰斯克;Саранск;sàlánsīkè
基洛夫;Киров;jīluòfū
舍别基诺;Шебекино;shěbiéjīnuò
新奥斯科尔;Новый Оскол;xīn àosīkē’ěr
佳季科沃;Дятьково;jiājìkēwò
叶戈里耶夫斯克;Егорьевск;yègēlǐyēfūsīkè
叶伊斯克;Ейск;yèyīsīkè
扎波利亚尔内;Заполярный;zāpōlìyàěrnèi
日尔诺夫斯克;Жирновск;rì’ěrnuòfūsīkè
扎奥焦尔斯克;Заозёрск;zāàojiāoěrsīkè
西德维纳;Западная Двина;xī déwéinà
泽列诺格拉茨克;Зеленоградск;zéliènuògélācíkè
弗拉季高加索;Владикавказ;fúlājìgāojiāsuǒ
北莫尔斯克;Североморск;běimò’ěrsīkè
北乌拉尔斯克;Североуральск;běi wūlá’ěrsīkè
库尔恰托夫;Курчатов;kù’ěrqiàtuōfū
谢夫斯克;Севск;xièfūsīkè
谢格扎;Сегежа;xiègézhā
切尔克斯克;Черкесск;qiēěrkèsīkè
先吉列伊;Сенгилей;xiānjílièyī
绥拉菲莫维奇;Серафимович;suílāfēimòwéiqí
谢尔加奇;Сергач;xiè’ěrjiāqí
乌斯季杰古塔;Усть Джегута;wūsījì jiégǔtǎ
乌斯季伊利姆斯克;Усть Илимск;wūsījì yīlìmǔsīkè
约什卡尔奥拉;Йошкар Ола;yuēshíkǎ’ěr’àolā
奔萨;Пенза;bēnsà
伊热夫斯克;Ижевск;yīrèfūsīkè
德列兹纳;Дрезна;délièzīnà
茹科夫斯基;Жуковский;rúkēfūsījī
扎因斯克;Заинск;zāyīnsīkè
奥伦堡;Оренбург;àolúnbǎo
热尔杰夫卡;Жердевка;rè’ěrjiéfūkǎ
谢尔多布斯克;Сердобск;xièěrduōbùsīkè
谢尔普霍夫;Серпухов;xièěrpǔhuòfū
科罗恰;Короча;kēluóqià
扎奥焦尔内;Заозёрный;zā’àojiāo’ěrnèi
乌里扬诺夫斯克;Ульяновск;wūlǐyángnuòfūsīkè
苏维埃茨克;Советск;sūwéi’āicíkè
奥洛涅茨;Олонец;àoluòniècí
莫兹多克;Моздок;mòzīduōkè
叶拉布加;Елабуга;yèlābùjiā
埃利佐沃;Елизово;āilìzuǒwò
叶曼热林斯克;Еманжелинск;yèmànrèlínsīkè
奥尔斯克;Орск;àoěrsīkè
维捷布斯克;Витебск;wéijiébùsīkè
扎赖斯克;Зарайск;zālàisīkè
斯科沃罗季诺;Сковородино;sīkēwòluōjìnuò
乌恰雷;Учалы;wūqiàléi
乌亚尔;Уяр;wūyà’ěr
谢别日;Себеж;xièbiérì
斯莫尔贡;Сморгонь;sīmòěrgòng
莫斯特;Мосты;mòsītè
奥博扬;Обоянь;àobóyáng
叶夫列莫夫;Ефремов;yèfūlièmòfū
热列兹诺沃德斯克;Железноводск;rèlièzīnuòwòdésīkè
切尔尼亚霍夫斯克;Черняховск;qiè’ěrníyàhuòfūsīkè
尼亚泽彼得罗夫斯克;Нязепетровск;níyàzébǐdéluófūsīkè
沃洛科拉姆斯克;Волоколамск;wòluòkēlāmǔsīkè
斯科平;Скопин;sīkēpíng
斯拉夫戈罗德;Славгород;sīlāfūgēluódé
乌斯秋日纳;Устюжна;wūsīqiūrìnà
托罗佩茨;Торопец;tuōluōpèicí
捷尔任斯克;Дзержинск;jié’ěrrènsīkè
沃尔昌斯克;Волчанск;wòěrchāngsīkè
乌斯季-卡塔夫;Усть Катав;wūsījì kǎtǎfū
乌斯季库特;Усть Кут;wūsījì kùtè
乌斯季-拉宾斯克;Усть Лабинск;wūsījì lābīnsīkè
下塔吉尔;Нижний Тагил;xià tǎjí’ěr
伏尔加斯基;Волжский;fú’ěrjiāsījī
马格尼托哥尔斯克;Магнитогорск;mǎgénítuōgēěrsīkè
福基诺;Фокино;fújīnuò
哈罗夫斯克;Харовск;hāluofūsīkè
赫瓦伦斯克;Хвалынск;hèwǎlúnsīkè
福罗斯;Форос;fúluósī
西伯利亚乌索利耶;Усолье Сибирское;xībólìyà wūsuǒlìyé
苏贾;Суджа;sūjiǎ
卡马河畔切尔尼;Набережные Челны;kǎmǎhé pàn qiēěrní
法捷日;Фатеж;fǎjiérì
弗罗洛沃;Фролово;fúluóluòwò
晓尔基诺;Щёлкино;xiǎo’ěrjīnuò
佳特洛沃;Дятлово;jiātèluòwò
新库兹涅茨克;Новокузнецк;xīn kùzīniècíkè
伊兰斯基;Иланский;yīlánsījī
齐维利斯克;Цивильск;qíwéilìsīkè
齐姆良斯克;Цимлянск;qímǔliángsīkè
阿格雷兹;Агрыз;āgēléizī
阿兹纳卡耶沃;Азнакаево;āzīnàkǎyēwò
霍尔姆;Холм;huò’ěrmǔ
霍季科沃;Хотьково;huòjìkēwò
叶利尼亚;Ельня;yèlìníyà
顿河畔卡拉奇;Калач на Дону;dùnhépàn kǎlāqí
阿迪格斯克;Адыгейск;ādígésīkè
阿列伊斯克;Алейск;ālièyīsīkè
别洛库里哈;Белокуриха;biéluòkùlǐhā
弗里亚济诺;Фрязино;fúlǐyàjìnuò
富尔马诺夫;Фурманов;fù’ěrmǎnuòfū
哈拉巴利;Харабали;hālābālì
库济米奇;Кузьмичи;kùjìmǐqí
安德;Анд-;āndé
阿卜杜利诺;Абдулино;àbùdùlìnuò
阿吉代尔;Агидель;ājídài’ěr
亚速;Азов;yàsù
阿克多武拉克;Ак Довурак;ākèduōwǔlākè
阿巴扎;Абаза;ābāzā
比斯克;Бийск;bǐsīkè
阿尔扎马斯;Арзамас;ā’ěrzāmǎsī
阿尔卡达克;Аркадак;ā’ěrkǎdákè
阿克赛;Аксай;ākèsài
阿拉吉尔;Алагир;ālājí’ěr
德米特罗夫;Дмитров;démǐtèluófū
希姆基;Химки;xīmǔjī
科克捷别利;Коктебель;kēkèjiébiélì
阿列克谢耶夫卡;Алексеевка;ālièkèxièyēfūkǎ
阿列克辛;Алексин;ālièkèxīn
切列帕诺沃;Черепаново;qiēlièpànuòwò
沙里亚;Шарья;shālǐyà
阿尔达托夫;Ардатов;ā’ěrdátuōfū
下瓦尔托夫斯克;Нижневартовск;xià wǎěrtuōfūsīkè
阿尔乔莫夫斯克;Артёмовск;ā’ěrqiáomòfūsīkè
巴巴耶沃;Бабаево;bābāyēwò
舒梅尔利亚;Шумерля;shūméi’ěrlìyà
巴布什金;Бабушкин;bābùshíjīn
巴夫雷;Бавлы;bāfūléi
阿拉帕耶夫斯克;Алапаевск;ālāpàyēfūsīkè
阿尔乔姆;Артём;ā’ěrqiáomǔ
切尔诺戈洛夫卡;Черноголовка;qiēěrnuògēluòfūkǎ
契诃夫;Чехов;qìhēfū
奇斯托波尔;Чистополь;jīsītuōbō’ěr
沙胡尼亚;Шахунья;shāhúníyà
沙图拉;Шатура;shātúlā
沙赫特;Шахты;shāhètè
阿尔扎迈;Алзамай;ā’ěrzāmài
亚历山德罗夫斯克;Александровск-;yàlìshāndéluófūsīkè
尼基塔;Никита;níjītǎ
阿普雷列夫卡;Апрелевка;āpǔléilièfūkǎ
阿拉米尔;Арамиль;ālāmǐ’ěr
沙戈纳尔;Шагонар;shāgēnà’ěr
沙德林斯克;Шадринск;shādélínsīkè
沙里;Шали;shālǐ
亚历山德罗夫;Александров;yàlìshāndéluófū
巴格拉季奥诺夫斯克;Багратионовск;bāgélājì’àonuòfūsīkè
贝加尔斯克;Байкальск;bèijiā’ěrsīkè
切卡林;Чекалин;qièkǎlín
切尔登;Чердынь;qiē’ěrdēng
切列姆霍沃;Черемхово;qiēlièmǔhuòwò
希马诺夫斯克;Шимановск;xīmǎnuòfūsīkè
希哈内;Шиханы;xīhānèi
巴拉赫纳;Балахна;bālāhènà
下卡姆斯克;Нижнекамск;xià kǎmǔsīkè
拜马克;Баймак;bàimǎkè
白卡利特瓦;Белая Калитва;bái kǎlìtèwǎ
白霍卢尼察;Белая Холуница;báihuòlúníchá
尤戈尔斯克;Югорск;yóugē’ěrsīkè
尤扎;Южа;yóuzhā
涅留恩格里;Нерюнгри;nièliú’ēn’gēlǐ
巴拉巴诺沃;Балабаново;bālābānuòwò
恰丹;Чадан;qiàdān
柴可夫斯基;Чайковский;cháikěfūsījī
阿沙;Аша;āshā
恰普雷金;Чаплыгин;qiàpǔléijīn
切格姆;Чегем;qiēgémǔ
巴卡尔;Бакал;bākǎ’ěr
阿尔乔莫夫斯基;Артёмовский;āěrqiáomòfūsījī
阿斯别斯特;Асбест;āsībiésītè
埃列克特罗乌格利;Электроугли;āilièkètèluówūgélì
恩格斯城;Энгельс;ēngésīchéng
新乌津斯克;Новоузенск;xīnwūjīnsīkè
新乌里扬诺夫斯克;Новоульяновск;xīn wūlǐyángnuòfūsīkè
新乌拉尔斯克;Новоуральск;xīn wūlá’ěrsīkè
恰帕耶夫斯克;Чапаевск;qiàpàyēfūsīkè
阿赫图宾斯克;Ахтубинск;āhètúbīnsīkè
阿钦斯克;Ачинск;āqīnsīkè
巴拉绍夫;Балашов;bālāshàofū
巴列伊;Балей;bālièyī
丘索沃伊;Чусовой;qiūsuǒwòyī
丘赫洛马;Чухлома;qiūhèluòmǎ
下谢尔吉;Нижние Серги;xià xiè’ěrjí
下洛莫夫;Нижний Ломов;xià luòmòfū
申库尔斯克;Шенкурск;shēnkù’ěrsīkè
亚纳乌尔;Янаул;yànàwū’ěr
亚兰斯克;Яранск;yàlánsīkè
下萨尔达;Нижняя Салда;xià sà’ěrdá
下图拉;Нижняя Тура;xià túlā
尼古拉耶夫斯克;Николаевск;nígǔlāyēfūsīkè
别热茨克;Бежецк;biérècíkè
契卡洛夫斯克;Чкаловск;qìkǎluòfūsīkè
丘多沃;Чудово;qiūduōwò
奥布卢奇耶;Облучье;àobùlúqíyē
奥布宁斯克;Обнинск;àobùníngsīkè
尼科利斯克;Никольск;níkēlìsīkè
新安宁斯基;Новоаннинский;xīn’ānníngsījī
新沃罗涅日;Нововоронеж;xīn wòluónièrì
涅利多沃;Нелидово;nièlìduōwò
奥廖克明斯克;Олёкминск;àoliàokèmíngsīkè
奥列涅戈尔斯克;Оленегорск;àolièniègēěrsīkè
奥穆特宁斯克;Омутнинск;àomùtèníngsīkè
新霍皮奥尔斯克;Новохопёрск;xīn huòpí’ào’ěrsīkè
新切博克萨尔斯克;Новочебоксарск;xīn qiēbókèsà’ěrsīkè
奥列霍沃-祖耶沃;Орехово Зуево;àolièhuòwò zǔyēwò
奥萨;Оса;àosà
阿尼瓦;Анива;āníwǎ
阿穆尔斯克;Амурск;āmùěrsīkè
安加尔斯克;Ангарск;ānjiā’ěrsīkè
尼亚甘;Нягань;níyàgān
尼扬多马;Няндома;níyángduōmǎ
阿帕季特;Апатиты;āpàjìtè
莫洛杰奇诺;Молодечно;mòluòjiéqínuò
安德烈亚波尔;Андреаполь;āndélièyàbōěr
安热罗苏真斯克;Анжеро Судженск;ānrèluó suzhēnsīkè
巴拉宾斯克;Барабинск;bālābīnsīkè
亚斯内;Ясный;yàsīnèi
波洛茨克;Полоцк;bōluòcíkè
亚尔采沃;Ярцево;yà’ěrcǎiwò
亚斯诺戈尔斯克;Ясногорск;yàsīnuògēěrsīkè
新特罗伊茨克;Новотроицк;xīntèluóyīcíkè
诺林斯克;Нолинск;nuòlínsīkè
南苏霍库姆斯克;Южно Сухокумск;nán sūhuòkùmǔsīkè
亚罗沃耶;Яровое;yàluówòyē
克鲁普基;Крупки;kèlǔpǔjī
佩列斯拉夫尔-扎列斯基;Переславль Залесский;pèilièsīlāfūěrzālièsījī
佩斯托沃;Пестово;pèisītuōwò
新德文斯克;Новодвинск;xīndéwénsīkè
新济布科夫;Новозыбков;xīnjìbùkēfū
奥辛尼基;Осинники;àoxīnníjī
新库班斯克;Новокубанск;xīnkùbānsīkè
涅夫捷库姆斯克;Нефтекумск;nièfūjiékùmǔsīkè
帕拉索夫卡;Палласовка;pàlāsuǒfūkǎ
彼得罗夫瓦尔;Петров Вал;bǐdéluófū wǎ’ěr
巴甫洛沃;Павлово;bāfǔluòwò
巴甫洛夫斯克;Павловск;bāfǔluòfūsīkè
奥金佐沃;Одинцово;àojīnzuǒwò
晓基诺;Щёкино;xiǎojīnuò
新索科利尼基;Новосокольники;xīnsuǒkēlìníjī
涅夫捷尤甘斯克;Нефтеюганск;nièfūjiéyóugānsīkè
尤尔加;Юрга;yóu’ěrjiā
尤里耶夫-波利斯基;Юрьев Польский;yóulǐyēfū bōlìsījī
尤里耶韦茨;Юрьевец;yóulǐyēwéicí
诺里尔斯克;Норильск;nuòlǐ’ěrsīkè
诺亚布尔斯克;Ноябрьск;nuòyàbù’ěrsīkè
涅斯维日;Несвиж;nièsīwéirì
新乌连戈伊;Новый Уренгой;xīn wūliángēyī
佩韦克;Певек;pèiwéikè
新米丘林斯克;Новомичуринск;xīnmǐqiūlínsīkè
里亚日斯克;Ряжск;lǐyàrìsīkè
新古比雪夫斯克;Новокуйбышевск;xīngǔbǐxuěfūsīkè
新巴甫洛夫斯克;Новопавловск;xīn bāfǔluòfūsīkè
新勒热夫;Новоржев;xīnlèrèfū
诺沃西利;Новосиль;nuòwòxīlì
奥特拉德内;Отрадный;àotèlādénèi
彼得罗夫斯克;Петровск;bǐdéluófūsīkè
彼得罗夫斯克;Петровск Забайкальский;bǐdéluófūsīkè
奥斯特罗戈日斯克;Острогожск;àosītèluógērìsīkè
济马;Зима;jìmǎ
新亚历山德罗夫斯克;Новоалександровск;xīnyàlìshāndéluófūsīkè
新阿尔泰斯克;Новоалтайск;xīn’ā’ěrtàisīkè
卡缅斯克-沙赫京斯基;Каменск Шахтинский;kǎmiǎnsīkè shāhèjīngsījī
鄂毕河畔卡缅;Камень на Оби;èbìhépàn kǎmiǎn
因扎;Инза;yīnzā
努尔拉特;Нурлат;nǔ’ěrlātè
兹韦尼哥沃;Звенигово;zīwéinígēwò
佩图什基;Петушки;pèitúshíjī
奥尔洛夫;Орлов;àoěrluòfū
奥焦尔斯克;Озёрск;àojiāo’ěrsīkè
奥焦雷;Озёры;àojiāoléi
坎斯克;Канск;kǎnsīkè
卡拉巴什;Карабаш;kǎlābāshí
卡拉布拉克;Карабулак;kǎlābùlākè
佩列沃兹;Перевоз;pèilièwòzī
托博尔斯克;Тобольск;tuōbóěrsīkè
卡拉恰耶夫斯克;Карачаевск;kǎlāqiàyēfūsīkè
兹韦尼哥罗德;Звенигород;zīwéinígēluódé
奥哈;Оха;àohā
奥汉斯克;Оханск;àohànsīkè
奥乔尔;Очёр;àoqiáo’ěr
因塔;Инта;yīntǎ
伊帕托沃;Ипатово;yīpàtuōwò
兹韦列沃;Зверево;zīwéilièwò
泽列诺多尔斯克;Зеленодольск;zéliènuòduō’ěrsīkè
普拉夫斯克;Плавск;pǔlāfūsīkè
普拉斯特;Пласт;pǔlāsītè
普廖斯;Плёс;pǔliáosī
扎列奇内;Заречный;zālièqínèi
佩图霍沃;Петухово;pèitúhuòwò
克列茨克;Клецк;kèliècíkè
奥涅加;Онега;àonièjiā
奥斯塔什科夫;Осташков;àosītǎshíkēfū
尤赫诺夫;Юхнов;yóuhènuòfū
卡拉钦斯克;Калачинск;kǎlāqīnsīkè
加里宁斯克;Калининск;jiālǐníngsīkè
卡尔坦;Калтан;kǎ’ěrtǎn
伊万捷耶夫卡;Ивантеевка;yīwànjiéyēfūkǎ
内特瓦;Нытва;nèitèwǎ
纽尔巴;Нюрба;niǔ’ěrbā
新利亚利亚;Новая Ляля;xīn lìyàlìyà
卡奇卡纳尔;Качканар;kǎqíkǎnàěr
卡申;Кашин;kǎshēn
卡希拉;Кашира;kǎxīlā
基泽尔;Кизел;jīzé’ěr
克孜勒尤尔特;Кизилюрт;kèzīlèyóu’ěrtè
基姆雷;Кимры;jīmǔléi
基涅利;Кинель;jīnièlì
卡梅什科沃;Камешково;kǎméishíkēwò
卡梅贾克;Камызяк;kǎméijiǎkè
佩列斯韦特;Пересвет;pèilièsīwéitè
塔甘罗格;Таганрог;tǎgānluógé
卡尔戈波雷;Каргополь;kǎ’ěrgēbōléi
卡利亚津;Калязин;kǎlìyàjīn
坎巴尔卡;Камбарка;kǎnbā’ěrkǎ
伊西利库尔;Исилькуль;yīxīlìkù’ěr
伊斯基季姆;Искитим;yīsījījìmǔ
祖耶夫卡;Зуевка;zǔyēfūkǎ
兹纳缅斯克;Знаменск;zīnàmiǎnsīkè
祖布佐夫;Зубцов;zǔbùzuǒfū
普乔雷;Печоры;pǔqiáoléi
涅斯捷罗夫;Нестеров;nièsījiéluófū
扎林斯克;Заринск;zālínsīkè
阿西诺;Асино;āxīnuò
阿特卡尔斯克;Аткарск;ātèkǎěrsīkè
卡拉奇;Калач;kǎlāqí
卡纳什;Канаш;kǎnàshén
兹拉托乌斯特;Златоуст;zīlātuōwūsītè
兹伦卡;Злынка;zīlúnkǎ
坎达拉克沙;Кандалакша;kǎndálākèshā
卡尔平斯克;Карпинск;kǎ’ěrpíngsīkè
卡塔夫-伊万诺夫斯克;Катав Ивановск;kǎtǎfū yīwànnuòfūsīkè
卡泰斯克;Катайск;kǎtàisīkè
卡西莫夫;Касимов;kǎxīmòfū
卡斯利;Касли;kǎsīlì
伊加尔卡;Игарка;yījiā’ěrkǎ
布列斯特;Брест;bùlièsītè
兹梅伊诺戈尔斯克;Змеиногорск;zīméiyīnuògē’ěrsīkè
伊兹别尔巴什;Избербаш;yīzībié’ěrbāshí
伊佐比利内;Изобильный;yīzuǒbǐlìnèi
伊希姆拜;Ишимбай;yīxīmǔbài
卡德尼科夫;Кадников;kǎdéníkēfū
奥波奇卡;Опочка;àobōqíkǎ
舒米哈;Шумиха;shūmǐhā
亚卢托罗夫斯克;Ялуторовск;yàlútuōluōfūsīkè
拉金斯克;Лакинск;lājīnsīkè
卡梅什洛夫;Камышлов;kǎméishíluòfū
卡拉齐夫;Карачев;kǎlāqífū
克德罗维;Кедровый;kèdéluówéi
凯姆;Кемь;kǎimǔ
皮奥涅尔斯基;Пионерский;pí’àoniè’ěrsījī
皮特基亚兰塔;Питкяранта;pítèjīyàlántǎ
柳别尔齐;Люберцы;liǔbiéěrqí
哈萨维尤尔特;Хасавюрт;hāsàwéiyóu’ěrtè
基莫夫斯克;Кимовск;jīmòfūsīkè
基兹利亚尔;Кизляр;jīzīlìyà’ěr
泽列诺库姆斯克;Зеленокумск;zéliènuòkùmǔsīkè
泽尔诺格勒;Зерноград;zé’ěrnuògélè
希格雷;Щигры;xīgēléi
尼布楚;Нерчинск;níbùchǔ
卡尔塔雷;Карталы;kǎ’ěrtǎléi
基洛夫格勒;Кировград;jīluòfūgélè
基廉斯克;Киренск;jīliánsīkè
斯拉夫斯克;Славск;sīlāfūsīkè
基尔斯;Кирс;jī’ěrsī
基里尔洛夫;Кириллов;jīlǐ’ěrluòfū
索科尔;Сокол;suǒkē’ěr
索利加利奇;Солигалич;suǒlìjiālìqí
斯洛博茨科伊;Слободской;sīluòbócíkēyī
斯涅任斯克;Снежинск;sīnièrènsīkè
基洛沃-切佩茨克;Кирово Чепецк;jīluòwò qiēpèicíkè
基涅什马;Кинешма;jīnièshímǎ
基列耶夫斯克;Киреевск;jīlièyēfūsīkè
斯涅日诺戈尔斯克;Снежногорск;sīnièrìnuògēěrsīkè
索宾卡;Собинка;suǒbīnkǎ
索罗钦斯克;Сорочинск;suǒluóqīnsīkè
旧库帕夫纳;Старая Купавна;jiù kùpàfūnà
旧鲁萨;Старая Русса;jiùlǔsà
中科雷姆斯克;Среднеколымск;zhōng kēléimǔsīkè
中乌拉尔斯克;Среднеуральск;zhōng wūlā’ěrsīkè
斯利坚斯克;Сретенск;sīlìjiānsīkè
斯塔里察;Старица;sītǎlǐchá
斯塔罗杜布;Стародуб;sītǎluódùbù
旧奥斯科尔;Старый Оскол;jiù àosīkē’ěr
斯帕斯克达利尼;Спасск Дальний;sīpàsīkè dálìní
斯帕斯克-梁赞斯基;Спасск Рязанский;sīpàsīkè liángzànsījī
索先斯基;Сосенский;suǒxiānsījī
索斯诺沃博尔斯克;Сосновоборск;suǒsīnuòwòbó’ěrsīkè
索斯诺戈尔斯克;Сосногорск;suǒsīnuògē’ěrsīkè
索利卡姆斯克;Соликамск;suǒlìkǎmǔsīkè
索尔涅奇诺戈尔斯克;Солнечногорск;suǒěrnièqínuògēěrsīkè
苏维埃港;Советская Гавань;sūwéi’āi gǎng
苏维埃茨基;Советский;sūwéi’āicíjī
苏罗维基诺;Суровикино;sūluówéijīnuò
苏尔斯克;Сурск;sū’ěrsīkè
苏苏曼;Сусуман;sūsūmàn
索里维切戈茨斯克;Сольвычегодск;suǒlǐwéiqiēgēcísīkè
索利齐;Сольцы;suǒlìqí
索尔斯克;Сорск;suǒ’ěrsīkè
索尔塔瓦拉;Сортавала;suǒ’ěrtǎwǎlā
斯特鲁尼诺;Струнино;sītèlǔnínuò
斯图皮诺;Ступино;sītúpínuò
苏沃洛夫;Суворов;sūwòluòfū
斯帕斯-杰缅斯克;Спас Деменск;sīpàsī jiémiǎnsīkè
斯帕斯-克列皮基;Спас Клепики;sīpàsī kèlièpíjī
斯帕斯克;Спасск;sīpàsīkè
泰舍特;Тайшет;tàishètè
塔尔多姆;Талдом;tǎ’ěrduōmǔ
苏希尼奇;Сухиничи;sūxīníqí
苏霍伊洛格;Сухой Лог;sūhuòyī luògé
瑟谢尔季;Сысерть;sèxiè’ěrjì
塔鲁萨;Таруса;tǎlǔsà
大伊万;Большой Иван;dàyīwàn
塔什塔戈尔;Таштагол;tǎshítǎgē’ěr
塔利察;Талица;tǎlìchá
塔尔科萨列;Тарко Сале;tǎ’ěrkē sàliè
捷伊科沃;Тейково;jiéyīkēwò
捷姆尼科夫;Темников;jiémǔníkēfū
苏奥耶尔维;Суоярви;sū’àoyē’ěrwéi
苏拉日;Сураж;sūlārì
季霍列茨克;Тихорецк;jìhuòliècíkè
托古钦;Тогучин;tuōgǔqīn
托马里;Томари;tuōmǎlǐ
瑟乔夫卡;Сычёвка;sèqiáofūkǎ
泰加;Тайга;tàijiā
托莫特;Томмот;tuōmòtè
托普基;Топки;tuōpǔjī
特罗伊茨克;Троицк;tèluóyīcíkè
托尔若克;Торжок;tuō’ěrruòkè
三山城;Трёхгорный;sānshānchéng
捷秋希;Тетюши;jiéqiūxī
季马绍夫斯克;Тимашёвск;jìmǎshàofūsīkè
图伊马济;Туймазы;túyīmǎjì
图兰;Туран;túlán
滕达;Тында;téngdá
特鲁布切夫斯克;Трубчевск;tèlǔbùqièfūsīkè
图阿普谢;Туапсе;tú’āpǔxiè
图林斯克;Туринск;túlínsīkè
图塔耶夫;Тутаев;tútǎyēfū
乌达奇内;Удачный;wūdáqínèi
乌茹尔;Ужур;wūrú’ěr
乌格列戈尔斯克;Углегорск;wūgéliègēěrsīkè
特尔内奥兹;Тырныауз;tèěrnèiàozī
秋卡林斯克;Тюкалинск;qiūkǎlínsīkè
乌瓦罗沃;Уварово;wūwǎluówò
乌兹洛瓦亚;Узловая;wūzīluòwǎyà
乌涅恰;Унеча;wūnièqià
乌拉伊;Урай;wūlāyī
乌连;Урень;wūlián
乌鲁斯-马尔坦;Урус Мартан;wūlǔsī mǎ’ěrtǎn
乌辛斯克;Усинск;wūxīnsīkè
乌索利耶;Усолье;wūsuǒlìyé
斯卢茨克;Слуцк;sīlúcíkè
斯莫列维奇;Смолевичи;sīmòlièwéiqí
索利戈尔斯克;Солигорск;suǒlìgē’ěrsīkè
切尔文;Червень;qiè’ěrwén
平斯克;Пинск;píngsīkè
斯托尔布齐;Столбцы;sītuō’ěrbùqí
乌兹达;Узда;wūzīdá
博布鲁伊斯克;Бобруйск;bóbùlǔyīsīkè
巴拉诺维奇;Барановичи;bālānuòwéiqí
利达;Лида;lìdá
图罗夫;Туров;túluófū
莫济里;Мозырь;mòjìlǐ
休钦;Щучин;xiūqīn
阿卢普卡;Алупка;ālúpǔkǎ
旧克里木;Старый Крым;jiù kèlǐmù
布拉斯拉夫;Браслав;bùlāsīlāfū
亚美尼亚斯克;Армянск;yàměiníyàsīkè
巴兰;Барань;bālán
瓦夫卡维斯克;Волковыск;wǎfūkǎwēisīkē
奥什米亚内;Ошмяны;àoshénmǐyànèi
什克洛夫;Шклов;shíkèluòfū
伊维耶;Ивье;yīwéiyē
新格鲁多克;Новогрудок;xīn gélǔduōkè
因克尔曼;Инкерман;yīnkè’ěrmàn
卢扎;Лудза;lúzā
斯洛尼姆;Слоним;sīluònímǔ
列奇察;Речица;lièqíchá
列佩利;Лепель;lièpèilì
贝霍夫;Быхов;bèihuòfū
罗加乔夫;Рогачёв;luójiāqiáofū
卡梅涅茨;Каменец;kǎméiniècí
多布鲁什;Добруш;duōbùlǔshí
盖伊;Гай;gàiyī
后贝加尔斯克;Забайкальск;hòubèijiā’ěrsīkè
阿金斯科耶;Агинское;ājīnsīkēyē
索科尔;Сокол;suǒkē’ěr
车尔尼雪夫斯基;Чернышевский;chē’ěrníxuěfūsījī
乌斯季挪拉;Усть Нера;wūsījìnuólā
奥拉;Ола;àolā
克拉斯基诺;Краскино;kèlāsījīnuò
扎鲁比诺;Зарубино;zālǔbǐnuò
奥伊米亚康;Оймякон;àoyīmǐyàkāng
旧拉多加;Старая Ладога;jiù lāduōjiā
卡廷;Катынь;kǎtíng
埃索;Эссо;āisuǒ
斯维亚日斯克;Свияжск;sīwéiyàrìsīkè
加加林;Гагаринский;jiājialín
阿尔巴特;Арбат;ā’ěrbātè
丹尼洛夫;Даниловский;dānníluòfū
柳布林诺;Люблино;liǔbùlínnuò
阿列克谢;Алексеевский;ālièkèxiè
特维尔;Тверской;tèwéiěr
柯尼斯堡;Кёнигсберг;kēnísībǎo
伏龙芝;Фрунзенский;fúlóngzhī
彼得罗维奇;Петровичи;bǐdéluówéiqí
卡梅绍娃亚;Камышовая;kǎméishàowáyà
圣彼得堡;Санкт Петербург;shèngbǐdébǎo
察察;Цаца;cháchá
伊万;Иван;yīwàn
伊克;Ик;yīkè
科尔;Колозеро;kē’ěr
普尔;Пулозеро;pǔ’ěr
